"2_50_lwr","2_50_upr","2_90_lwr","2_90_upr","5_50_lwr","5_50_upr","5_90_lwr","5_90_upr","10_50_lwr","10_50_upr","10_90_lwr","10_90_upr","20_50_lwr","20_50_upr","20_90_lwr","20_90_upr","30_50_lwr","30_50_upr","30_90_lwr","30_90_upr","40_50_lwr","40_50_upr","40_90_lwr","40_90_upr","50_50_lwr","50_50_upr","50_90_lwr","50_90_upr"
5.12070016297932,7.83438934376812,4.99545025398103,8.02935358883132,5.32294779331551,7.4781330070279,4.99545025398103,7.93150353228355,5.34924370433558,7.4781330070279,4.99545025398103,7.9221390872616,5.4310542934679,7.54445889962017,5.1930679039046,7.9221390872616,5.42974437890607,7.4781330070279,5.1930679039046,7.9221390872616,5.46567140698207,7.5198196682386,5.1930679039046,7.93150353228355,5.46567140698207,7.46254220024236,5.1930679039046,7.9221390872616
4.88253978735574,7.89133784425815,4.74415457278704,8.04483530743698,5.17961187703105,7.42146326757267,4.74415457278704,7.92941810663978,5.23896320914006,7.42146326757267,4.74415457278704,7.90936474355396,5.27756249089072,7.42146326757267,4.9805808121944,7.90936474355396,5.27428319205029,7.42146326757267,4.9805808121944,7.90936474355396,5.35471859988288,7.42146326757267,4.9805808121944,7.92941810663978,5.35471859988288,7.39983709465815,4.9805808121944,7.90936474355396
4.65584229898334,7.95267268882157,4.5029690417416,8.06283939012389,5.0474605701402,7.36574885539455,4.5029690417416,7.95267268882157,5.08786019094729,7.36574885539455,4.5029690417416,7.898492380449,5.13731471663144,7.36574885539455,4.77161064327364,7.898492380449,5.08786019094729,7.36574885539455,4.77161064327364,7.898492380449,5.2192688346292,7.36574885539455,4.77161064327364,7.92869962280872,5.2192688346292,7.34262820402461,4.77161064327364,7.898492380449
4.44004519520647,8.01766307932519,4.27435646801445,8.08285781846553,4.91234744974079,7.34613883501435,4.27435646801445,8.01766307932519,4.91234744974079,7.34613883501435,4.27435646801445,7.89414552766096,5.00897385886253,7.34613883501435,4.56991952303307,7.89414552766096,4.91234744974079,7.31080476506998,4.56991952303307,7.89414552766096,5.0187306938256,7.31080476506998,4.56991952303307,7.92902863811065,5.0187306938256,7.29226530583009,4.56991952303307,7.89414552766096
4.23452667449155,8.08557141241778,4.05682357837194,8.10442638463701,4.74562433692455,7.34562103153314,4.05682357837194,8.08557141241778,4.74562433692455,7.34322833541837,4.05682357837194,7.89376465178947,4.88364743923108,7.34322833541837,4.37966585540477,7.89376465178947,4.74562433692455,7.25648148909602,4.37966585540477,7.89376465178947,4.82815473249127,7.25648148909602,4.37966585540477,7.93013935753271,4.82815473249127,7.24264045595998,4.37966585540477,7.89376465178947
4.03387344721116,8.15578022964467,3.84898216368404,8.15578022964467,4.58930813281825,7.37473691186221,3.84898216368404,8.15578022964467,4.58930813281825,7.34264610742673,3.84898216368404,7.89590951306701,4.69425766712041,7.34264610742673,4.19829556192434,7.89590951306701,4.58930813281825,7.20266004990578,4.19829556192434,7.89590951306701,4.64391937153954,7.20266004990578,4.19829556192434,7.93164984215815,4.64391937153954,7.19360592376944,4.19829556192434,7.89590951306701
3.81870086767572,8.22780073773441,3.65266470331392,8.22780073773441,4.43444319943018,7.4057404789466,3.65266470331392,8.22780073773441,4.44065158654422,7.34481008274565,3.65266470331392,7.9024175553136,4.51385456631892,7.34481008274565,4.00133270270672,7.9024175553136,4.44065158654422,7.14924665993266,4.00133270270672,7.9024175553136,4.46800670854531,7.14924665993266,4.00133270270672,7.93373704830458,4.46800670854531,7.16430704418644,4.00133270270672,7.9024175553136
3.61363889822999,8.30125324861035,3.46477790395901,8.30125324861035,4.24533614825421,7.43828329309139,3.46477790395901,8.30125324861035,4.29917484169749,7.36019686593261,3.46477790395901,7.98300232771373,4.34041194618911,7.34961387160245,3.80928938041624,7.98300232771373,4.29917484169749,7.12372843239206,3.80928938041624,7.98300232771373,4.29752559066753,7.12372843239206,3.80928938041624,7.98300232771373,4.29752559066753,7.19211554522292,3.80928938041624,7.98300232771373
3.41845424429971,8.375843207662,3.28685709435771,8.375843207662,4.06589687917889,7.47210057724005,3.28685709435771,8.375843207662,4.16471774594862,7.38617093910096,3.28685709435771,8.06593107764934,4.17393027390719,7.35613305074258,3.62579459916921,8.06593107764934,4.16471774594862,7.15329968151264,3.62579459916921,8.06593107764934,4.13490915296802,7.15329968151264,3.62579459916921,8.06593107764934,4.13490915296802,7.22177738865343,3.62579459916921,8.06593107764934
3.23287841437824,8.451340418646,3.11667106680526,8.451340418646,3.892263739902,7.50694238758376,3.11667106680526,8.451340418646,4.01409251961951,7.4136313400773,3.11667106680526,8.15092890716653,4.01409251961951,7.36395278152452,3.45071727193166,8.15092890716653,4.01409251961951,7.18480886277154,3.45071727193166,8.15092890716653,3.97834201682957,7.18480886277154,3.45071727193166,8.15092890716653,3.97834201682957,7.25285329191684,3.45071727193166,8.15092890716653
3.05659700185924,8.52756307306493,2.95621916241694,8.52756307306493,3.72708537704872,7.54257431191536,2.95621916241694,8.52756307306493,3.86058748846933,7.44221410200197,2.95621916241694,8.2377539697103,3.86058748846933,7.37286109116365,3.28372074047516,8.2377539697103,3.86058748846933,7.21719228166955,3.28372074047516,8.2377539697103,3.82779800467364,7.21719228166955,3.28372074047516,8.2377539697103,3.82779800467364,7.28506322750229,3.28372074047516,8.2377539697103
2.88926623673311,8.60436609078158,2.80391401079688,8.60446928040176,3.56681008706212,7.57878736404422,2.80391401079688,8.60436609078158,3.71312858907345,7.4717167707521,2.80391401079688,8.32619245111778,3.71312858907345,7.38269229722653,3.12447902484834,8.32619245111778,3.71312858907345,7.2502653033099,3.12447902484834,8.32619245111778,3.68301952920001,7.2502653033099,3.12447902484834,8.32619245111778,3.68301952920001,7.31799672971954,3.12447902484834,8.32619245111778
2.73053400457536,8.68215947932941,2.65852481788648,8.70892711928366,3.4145938498375,7.61714818363891,2.65852481788648,8.68215947932941,3.57006455026922,7.50337472089189,2.65852481788648,8.41688053680059,3.57006455026922,7.39384653721072,2.97269263862958,8.41688053680059,3.57006455026922,7.28535684997007,2.97269263862958,8.41688053680059,3.54375561640671,7.28535684997007,2.97269263862958,8.41688053680059,3.54375561640671,7.35275043643878,2.97269263862958,8.41688053680059
2.580060515431,8.80087935282319,2.52136741085926,8.8066755663936,3.26850086953098,7.65229997756625,2.52136741085926,8.75922874298203,3.43094412641059,7.532877413015,2.52136741085926,8.5068603392067,3.43094412641059,7.40454626088843,2.82805250116374,8.5068603392067,3.43094412641059,7.31782494131068,2.82805250116374,8.5068603392067,3.40977949635862,7.31782494131068,2.82805250116374,8.5068603392067,3.40977949635862,7.38645305727267,2.82805250116374,8.5068603392067
2.43771463324021,8.97073228630734,2.39119966558743,8.97073228630734,3.12863248410397,7.69491704003389,2.39119966558743,8.83972921866649,3.29763199701336,7.5647911546165,2.39119966558743,8.59979617788906,3.29763199701336,7.4168983435249,2.6903240157076,8.59979617788906,3.29763199701336,7.3522732022185,2.6903240157076,8.59979617788906,3.2776561750627,7.3522732022185,2.6903240157076,8.59979617788906,3.2776561750627,7.42156354511946,2.6903240157076,8.59979617788906
2.30358822962876,9.15409159016531,2.26892789319814,9.15409159016531,2.99561729482426,7.75067204405706,2.26892789319814,8.93677249203665,3.17227535203455,7.60208953324337,2.26892789319814,8.69839702712096,3.17227535203455,7.4351923721872,2.55991515069786,8.69839702712096,3.17227535203455,7.38913907983733,2.55991515069786,8.69839702712096,3.1436729856751,7.38913907983733,2.55991515069786,8.69839702712096,3.1436729856751,7.45987259255219,2.55991515069786,8.69839702712096
2.17828778246414,9.37205875345819,2.15658294010717,9.37205875345819,2.87150488644776,7.81729732557165,2.15658294010717,9.08316390157824,3.06027811951441,7.65561172647881,2.15658294010717,8.81132254699066,3.06027811951441,7.4700626344972,2.43853650116034,8.81132254699066,3.06027811951441,7.44143949746013,2.43853650116034,8.81132254699066,3.01875876404796,7.44143949746013,2.43853650116034,8.81132254699066,3.01875876404796,7.50861503801997,2.43853650116034,8.81132254699066
2.06505850580149,9.65375356857055,2.05644805604362,9.65375356857055,2.75953853636503,7.9050825486342,2.05644805604362,9.30760148618936,2.96769030877408,7.73849735979121,2.05644805604362,8.9503218897064,2.96769030877408,7.54221952613711,2.32827103803547,8.9503218897064,2.96769030877408,7.54221952613711,2.32827103803547,8.9503218897064,2.90551175645186,7.54221952613711,2.32827103803547,8.9503218897064,2.90551175645186,7.57685321581476,2.32827103803547,8.9503218897064
1.95861951625327,10.0184181852658,1.95861951625327,10.0184181852658,2.66228387585949,8.04590594804518,1.96925541438682,9.6238121872662,2.88872164714957,7.8610463419688,1.96925541438682,9.1335193697181,2.88872164714957,7.69873829441121,2.23097382367845,9.1335193697181,2.88872164714957,7.69873829441121,2.23097382367845,9.1335193697181,2.80558109626878,7.69873829441121,2.23097382367845,9.1335193697181,2.80558109626878,7.69873829441121,2.23097382367845,9.1335193697181
1.86996659152726,10.4751508179489,1.86996659152726,10.4751508179489,2.57968481179759,8.25470411324136,1.89434052780763,10.0300769225553,2.83112067065309,8.02768150921736,1.89434052780763,9.40183027707963,2.82623936029733,7.90761567024401,2.14708408175736,9.40183027707963,2.82623936029733,7.90761567024401,2.14708408175736,9.40183027707963,2.71950811971658,7.90761567024401,2.14708408175736,9.40183027707963,2.71950811971658,7.90761567024401,2.14708408175736,9.40183027707963
1.78911575014183,11.0185229569599,1.78911575014183,11.0185229569599,2.51147518347579,8.6131684443717,1.8310804901131,10.5117707252052,2.79055756461162,8.24177076513956,1.8310804901131,9.73027279676006,2.78125728250092,8.1649387157932,2.06633803279311,9.73027279676006,2.78125728250092,8.1649387157932,2.06633803279311,9.73027279676006,2.64676217661895,8.1649387157932,2.06633803279311,9.73027279676006,2.64676217661895,8.1649387157932,2.06633803279311,9.73027279676006
1.71602894777902,11.6353390488524,1.71602894777902,11.6353390488524,2.45627644043282,9.01818413563813,1.77761674668134,11.0534342416738,2.76188733019529,8.50266850207691,1.77761674668134,10.1168440279653,2.75400629401378,8.46124830041675,1.98694697334457,10.1168440279653,2.75400629401378,8.46124830041675,1.98694697334457,10.1168440279653,2.58664970148254,8.46124830041675,1.98694697334457,10.1168440279653,2.58664970148254,8.46124830041675,1.98694697334457,10.1168440279653
1.64961025117572,12.3086341630476,1.64961025117572,12.3086341630476,2.41101922685104,9.43494308442018,1.73187627863098,11.6360150522662,2.73334519286731,8.80720689488379,1.73187627863098,10.6683580696136,2.73334519286731,8.78382109089307,1.91525254237939,10.6683580696136,2.73334519286731,8.78382109089307,1.91525254237939,10.6683580696136,2.53773407166705,8.78382109089307,1.91525254237939,10.6683580696136,2.53773407166705,8.78382109089307,1.91525254237939,10.6683580696136
1.58854432815465,13.0213854274221,1.58854432815465,13.0213854274221,2.37328750897256,9.84628143998345,1.69267851115762,12.246854380414,2.67294785136971,9.15678761060065,1.69267851115762,11.2611518485591,2.67294785136971,9.12190354011517,1.85031721303022,11.2611518485591,2.67294785136971,9.12190354011517,1.85031721303022,11.2611518485591,2.4988624997344,9.12190354011517,1.85031721303022,11.2611518485591,2.4988624997344,9.12190354011517,1.85031721303022,11.2611518485591
1.53165588873932,13.7596113175294,1.53165588873932,13.7596113175294,2.34219779001671,10.2423997033809,1.65921240776146,12.8803565961846,2.61563023089826,9.54863647718815,1.65921240776146,11.8861023457699,2.61563023089826,9.46667068524335,1.79097636211595,11.8861023457699,2.61563023089826,9.46667068524335,1.79097636211595,11.8861023457699,2.46958231275403,9.46667068524335,1.79097636211595,11.8861023457699,2.46958231275403,9.46667068524335,1.79097636211595,11.9672766595797
1.47802047201151,14.5138007174569,1.47802047201151,14.5138007174569,2.30126709487286,10.6185870651859,1.6308102202143,13.5335909916329,2.56019090078121,9.98458688936682,1.6308102202143,12.5395719523086,2.56019090078121,9.81170979401997,1.73631450896227,12.5395719523086,2.56019090078121,9.81170979401997,1.73631450896227,12.5395719523086,2.44895214285594,9.81170979401997,1.73631450896227,12.5395719523086,2.44895214285594,9.81170979401997,1.73631450896227,12.7379677432965
1.42686043626451,15.2796612945263,1.42686043626451,15.2796612945263,2.26028551098494,10.9745654327529,1.60679101580444,14.2067385011895,2.50569743031076,10.4691761676648,1.60679101580444,13.2161261453011,2.50569743031076,10.1543725676273,1.68544940585576,13.2161261453011,2.50569743031076,10.1543725676273,1.68544940585576,13.2161261453011,2.43575784965265,10.1543725676273,1.68544940585576,13.2161261453011,2.43575784965265,10.1543725676273,1.68544940585576,13.5634699963649
1.3773500170972,16.0530046699594,1.3773500170972,16.0530046699594,2.2230539743158,11.4305353988963,1.58696439358146,14.9037626251782,2.45194388882829,10.9836825568999,1.58696439358146,13.9176310731059,2.45194388882829,10.5679961898504,1.63815553952191,13.9176310731059,2.45194388882829,10.5400804455812,1.63815553952191,13.9176310731059,2.42940838118347,10.5400804455812,1.63815553952191,13.9176310731059,2.42940838118347,10.5400804455812,1.63815553952191,14.4530702990645
1.33091665549207,16.8465896702484,1.33091665549207,16.8465896702484,2.18631629751956,11.9086048677702,1.56456536868734,15.6372135217181,2.39967582144612,11.5535397538323,1.57028845383567,14.651345944959,2.39967582144612,11.0009055690396,1.59446133502683,14.651345944959,2.39967582144612,10.9328498071384,1.59446133502683,14.651345944959,2.43084676640387,10.9328498071384,1.59446133502683,14.651345944959,2.39967582144612,10.9328498071384,1.59446133502683,15.4033564013485
1.28916945391873,17.7408778412612,1.28916945391873,17.7408778412612,2.15238157170729,12.4104410158843,1.51795607172204,16.4808127167641,2.35455596263443,12.1876571957897,1.53371649172365,15.4748904254016,2.35455596263443,11.4822578541008,1.55589159863422,15.4748904254016,2.35455596263443,11.3412444456319,1.55589159863422,15.4748904254016,2.43039424849962,11.3412444456319,1.55589159863422,15.4748904254016,2.35455596263443,11.3412444456319,1.55589159863422,16.455745788648
1.25815438307773,18.9358690966851,1.25815438307773,18.9358690966851,2.12580050542732,12.9790214997579,1.47422166778807,17.5931640051361,2.3298135232896,12.9257247293662,1.50198062881719,16.6539888737667,2.3298135232896,12.1205831897835,1.52709343252576,16.6539888737667,2.3298135232896,11.8604337837738,1.52709343252576,16.5321481125579,2.42266799363676,11.8604337837738,1.52709343252576,16.5321481125579,2.3298135232896,11.8604337837738,1.52709343252576,17.6956484915733
1.24464271076261,20.6920286612588,1.24464271076261,20.6920286612588,2.11317691345135,13.8083745401045,1.434517276929,19.1531429508162,2.34169971499102,13.8083745401045,1.47748727642818,18.4444046212747,2.34169971499102,13.0377375632734,1.5140937813266,18.4444046212747,2.34169971499102,12.5873373100059,1.5140937813266,18.006652437026,2.41966158082192,12.5873373100059,1.5140937813266,18.006652437026,2.34169971499102,12.5873373100059,1.5140937813266,19.2397680252285
1.25349405848058,23.1973812928511,1.25349405848058,23.1973812928511,2.12204003201857,14.8646616839675,1.39983291377297,21.2732586707777,2.4004679360412,14.8646616839675,1.46257843664719,20.9643095779445,2.4004679360412,14.3210557212985,1.52250179323744,20.9643095779445,2.4004679360412,13.6002592057006,1.52250179323744,20.0162512778105,2.43659301284487,13.6002592057006,1.52250179323744,20.0162512778105,2.4004679360412,13.6002592057006,1.52250179323744,21.1727757018131
1.28685939106749,26.5646059751254,1.28685939106749,26.5646059751254,2.15847031208812,16.1101024656297,1.37068800733863,23.9924617063269,2.50798874146307,16.1101024656297,1.45910856716674,24.3143484946824,2.50798874146307,15.997912457746,1.55307073345398,24.3143484946824,2.50798874146307,14.9469240961611,1.55307073345398,22.666032211364,2.47458970517169,14.9469240961611,1.55307073345398,22.666032211364,2.47458970517169,14.9469240961611,1.55307073345398,23.5877613442463
1.34331460875069,30.8018386090295,1.34331460875069,30.8018386090295,2.22367239249598,18.0500152154172,1.34718755941043,27.2946951617658,2.65850902646917,18.0500152154172,1.46733206680372,28.5318937162413,2.65850902646917,18.0500152154172,1.60606958680274,28.5318937162413,2.65850902646917,16.6447804096662,1.60606958680274,25.8905284236892,2.53353064025049,16.6447804096662,1.60606958680274,25.8905284236892,2.53353064025049,16.792400724643,1.60606958680274,26.5077695784437
1.3288727633876,35.858343219226,1.3288727633876,35.858343219226,2.31704793452542,20.4303126006115,1.3288727633876,31.1573861065316,2.84243114909731,20.4303126006115,1.48698640256345,33.6351732974818,2.84243114909731,20.4303126006115,1.67984141308011,33.6351732974818,2.84243114909731,18.6817685725804,1.67984141308011,29.7248500634228,2.61260720992272,18.6817685725804,1.67984141308011,29.7248500634228,2.61260720992272,18.9717022734717,1.67984141308011,29.9581330572818
1.31549678158541,41.6774388115881,1.31549678158541,41.6774388115881,2.43562924698153,23.0555998838494,1.31549678158541,35.5823761324314,3.04760145447557,23.0555998838494,1.51725662208096,39.6581487266837,3.04760145447557,23.0555998838494,1.77133529447605,39.6581487266837,3.04760145447557,21.0463496532292,1.77133529447605,34.0870178057664,2.71182839567314,21.0463496532292,1.77133529447605,34.0870178057664,2.71182839567314,21.3676667533053,1.77133529447605,34.0870178057664
1.30611809009042,48.1459960685671,1.30611809009042,48.1459960685671,2.57518869503895,25.8710663092447,1.30611809009042,40.6024652217366,3.26447928469946,25.8710663092447,1.55712298662661,46.6656736700053,3.26447928469946,25.8710663092447,1.87726029922328,46.6656736700053,3.26447928469946,23.7152953507424,1.87726029922328,38.9289347715362,2.83214482414246,23.7152953507424,1.87726029922328,38.9289347715362,2.83214482414246,23.9243060186676,1.87726029922328,38.9289347715362
1.30048380984841,55.2766718650466,1.30048380984841,55.2766718650466,2.73133107755825,28.8187881183729,1.30048380984841,46.2772977207431,3.48546082882263,28.8187881183729,1.60567016296786,54.7597611748792,3.48546082882263,28.8187881183729,1.95815191561263,54.7597611748792,3.48546082882263,26.662092354545,1.95815191561263,44.2336479135542,2.97516755337023,26.662092354545,1.95815191561263,44.2336479135542,2.97516755337023,26.662092354545,1.95815191561263,44.2336479135542
1.29822220684742,64.399646272944,1.29822220684742,64.399646272944,2.90026418797708,31.8683937095839,1.29822220684742,52.6856484325972,3.70614933918779,31.8683937095839,1.66225881715292,64.066368052366,3.70614933918779,31.8683937095839,1.99048027434014,64.066368052366,3.70614933918779,30.1158685261986,1.99048027434014,50.0081779565653,3.14276279840192,30.1158685261986,1.99048027434014,50.0081779565653,3.14276279840192,30.1158685261986,1.99048027434014,50.0081779565653
1.29921188079976,75.2223183979605,1.29921188079976,75.2223183979605,3.07913773200886,34.9898686230951,1.29921188079976,59.9202611849794,3.91398508242191,34.9898686230951,1.7265531956292,74.7338957160699,3.91398508242191,34.9898686230951,2.03347166870833,74.7338957160699,3.91398508242191,34.1845380141867,2.03347166870833,56.6109043259489,3.3367384161927,34.1845380141867,2.03347166870833,56.6109043259489,3.3367384161927,34.1845380141867,2.03347166870833,56.6109043259489
1.30369704498304,87.5512830314081,1.30369704498304,87.5512830314081,3.26604183523711,38.1912467744924,1.30369704498304,68.0743484189069,4.10326264703366,38.1912467744924,1.7984592318677,86.9165655496875,4.10326264703366,38.1912467744924,2.08260148120263,86.9165655496875,4.10326264703366,38.6484122543448,2.08260148120263,65.5859237694343,3.55858872984646,38.6484122543448,2.08260148120263,65.5859237694343,3.55858872984646,38.6484122543448,2.08260148120263,65.5859237694343
1.31072544251219,101.56302526243,1.31072544251219,101.56302526243,3.45982470862742,42.1367095640227,1.31072544251219,77.2515253504228,4.3055610047137,42.1367095640227,1.87803644736204,100.784735576846,4.3055610047137,42.1367095640227,2.13933155588035,100.784735576846,4.3055610047137,43.613820663485,2.13933155588035,75.7612276016622,3.80945765790972,43.613820663485,2.13933155588035,75.7612276016622,3.80945765790972,43.613820663485,2.13933155588035,75.7612276016622
1.32032016437455,117.449323722726,1.32032016437455,117.449323722726,3.65986756710646,47.1081239270572,1.32032016437455,87.5592126657262,4.52113012064922,47.1081239270572,1.96542635037184,116.50501898499,4.52113012064922,47.1081239270572,2.20060610765478,116.50501898499,4.52113012064922,48.8227806028654,2.20060610765478,87.2800647263089,4.09025351156242,48.8227806028654,2.20060610765478,87.2800647263089,4.09025351156242,48.8227806028654,2.20060610765478,87.2800647263089
1.3324202762771,135.401678594343,1.3324202762771,135.401678594343,3.8658973565054,52.4014003301721,1.3324202762771,101.724436607732,4.75033135036614,52.4014003301721,2.0608130540486,134.230293202532,4.75033135036614,52.4014003301721,2.27019947430114,134.230293202532,4.75033135036614,54.7741630980732,2.27019947430114,100.297186666238,4.40183682806145,54.7741630980732,2.27019947430114,100.297186666238,4.40183682806145,54.7741630980732,2.27019947430114,100.297186666238
1.346883276234,155.621359757299,1.346883276234,155.621359757299,4.05646693457791,58.0544560371286,1.346883276234,118.844894356357,4.99358448369565,58.0544560371286,2.16441218998813,154.098996056572,4.99358448369565,58.0544560371286,2.34634999423412,154.098996056572,4.99358448369565,61.1858155331783,2.34634999423412,114.980554228239,4.71617471025473,61.1858155331783,2.34634999423412,114.980554228239,4.71617471025473,61.3733780186408,2.34634999423412,114.980554228239
1.36353773447713,178.295080913284,1.36353773447713,178.295080913284,4.24217843476054,64.0687047815843,1.36353773447713,138.461629645801,5.21991999352917,64.0687047815843,2.27647582758539,176.225488048583,5.21991999352917,64.0687047815843,2.42808878644393,176.225488048583,5.21991999352917,68.2050770106771,2.42808878644393,131.501782499156,4.97653313571766,68.2050770106771,2.42808878644393,131.501782499156,4.97653313571766,69.4597716846663,2.42808878644393,131.501782499156
1.38220689465357,203.608827093325,1.38220689465357,203.608827093325,4.43519452973214,71.5326555016427,1.38220689465357,160.828732873968,5.44417121363091,71.5326555016427,2.39730160642915,200.679943072832,5.44417121363091,71.5326555016427,2.42864625080665,200.679943072832,5.44417121363091,75.898086782547,2.42864625080665,150.031518513823,5.24855295221073,75.898086782547,2.42864625080665,150.031518513823,5.24855295221073,78.524010217787,2.42864625080665,150.031518513823
1.40272150064829,231.697466788882,1.40272150064829,231.697466788882,4.63595017570697,79.9238227715466,1.40272150064829,186.180381606908,5.61791651948682,79.9238227715466,2.4257698935287,227.47901397622,5.67228887564403,79.9238227715466,2.4257698935287,227.47901397622,5.67228887564403,84.2961672826153,2.4257698935287,170.744079839806,5.53322761503364,84.2961672826153,2.4257698935287,170.744079839806,5.53322761503364,88.6498862763072,2.4257698935287,170.744079839806
1.42492588527057,262.654479539237,1.42492588527057,262.654479539237,4.81477460103344,89.0776140454995,1.42492588527057,214.743244120434,5.79740727276982,89.2063447896582,2.42276676134708,256.567133868721,5.90799280596485,89.2063447896582,2.42276676134708,256.567133868721,5.90799280596485,93.4607930368739,2.42276676134708,193.800928177772,5.83025469538257,93.4607930368739,2.42276676134708,193.800928177772,5.83025469538257,99.923406040572,2.42276676134708,193.800928177772
1.44826499862399,296.507485097792,1.44826499862399,296.507485097792,4.99530219199601,99.0202882631514,1.44826499862399,246.673748104346,5.98310672369871,99.7116034372015,2.41964201666536,287.802047634905,6.14875530810179,99.7116034372015,2.41964201666536,287.802047634905,6.14875530810179,103.445763340273,2.41964201666536,219.337572359778,6.13991117857359,103.445763340273,2.41964201666536,219.337572359778,6.13991117857359,112.427810169158,2.41964201666536,219.337572359778
1.47333551430279,333.204784195941,1.47333551430279,333.204784195941,5.17878239347863,109.766190956175,1.47333551430279,282.061124098733,6.17509864924221,111.209785297091,2.41639908370387,320.938875907991,6.39822752196546,111.209785297091,2.41639908370387,320.938875907991,6.39822752196546,114.303180172174,2.41639908370387,247.466428559877,6.4621685514303,114.303180172174,2.41639908370387,247.466428559877,6.39822752196546,126.23518395916,2.41639908370387,247.466428559877
1.4999534940705,372.59884680991,1.4999534940705,372.59884680991,5.37289939924033,121.325876239918,1.4999534940705,320.905665621705,6.37348831801659,123.753252306337,2.41298230743325,355.624520083039,6.65281777860593,123.753252306337,2.41298230743325,355.624520083039,6.65281777860593,126.080060320252,2.41298230743325,278.260079549315,6.80053975885295,126.080060320252,2.41298230743325,278.260079549315,6.65281777860593,141.419208317153,2.41298230743325,278.260079549315
1.52766622179768,414.341707200012,1.52766622179768,414.341707200012,5.55511156223622,133.789928005087,1.52766622179768,363.045175714572,6.60078102204187,137.373312266601,2.40959401924045,397.240532947676,6.9171774238153,137.373312266601,2.40959401924045,391.384267353699,6.9171774238153,138.836833198372,2.40959401924045,311.703094197454,7.15214445533559,138.836833198372,2.40959401924045,311.703094197454,6.9171774238153,158.021237172717,2.40959401924045,311.703094197454
1.55548916772597,461.233323303776,1.55548916772597,461.233323303776,5.74776229288591,148.947771907839,1.55548916772597,408.153899782953,6.78898771014451,152.082969441242,2.40571478024572,449.161934330673,7.18988986189054,152.082969441242,2.40571478024572,427.540939053214,7.18988986189054,152.550347017494,2.40571478024572,347.682753181809,7.51946892007771,152.550347017494,2.40571478024572,347.682753181809,7.18988986189054,176.052824810303,2.40571478024572,347.682753181809
1.58151837879223,510.028941659109,1.58151837879223,510.028941659109,5.94258523949202,165.325125657448,1.58151837879223,455.330375802864,6.9975139651674,167.800245211106,2.39953058630363,503.656024576321,7.46996492299331,167.800245211106,2.39953058630363,462.772560929208,7.46996492299331,167.800245211106,2.39953058630363,385.568206113342,7.89920397749609,167.800245211106,2.39953058630363,385.568206113342,7.46996492299331,195.372335809744,2.39953058630363,385.568206113342
1.60071592929466,558.256800242261,1.60071592929466,559.133101497045,6.13699910571029,182.630740817242,1.60071592929466,502.877268501245,7.19423290094664,184.290871289295,2.38685349518801,559.133101497045,7.75214069253911,184.290871289295,2.38685349518801,494.837795545327,7.75214069253911,184.290871289295,2.38685349518801,424.097516002836,8.28386639296894,186.216802908271,2.38685349518801,424.097516002836,7.75214069253911,215.581148319706,2.38685349518801,424.097516002836
1.61040301316933,603.717551459936,1.61040301316933,613.588978383801,6.32676167956862,200.488060794747,1.61040301316933,548.721666879198,7.37323466177611,201.228941199246,2.3623313556078,613.588978383801,8.02904156455588,201.228941199246,2.3623313556078,521.319026674464,8.02904156455588,201.228941199246,2.3623313556078,461.891439023531,8.66214836070895,206.606890155809,2.3623313556078,461.891439023531,8.02904156455588,236.113290756063,2.3623313556078,461.891439023531
1.6086431352689,644.492308860222,1.6086431352689,665.057073285822,6.50680143974199,218.605065397913,1.6086431352689,591.017081667024,7.52933446283566,218.605065397913,2.32150681452583,665.057073285822,8.2946231485003,218.605065397913,2.32150681452583,540.561394858028,8.2946231485003,218.605065397913,2.32150681452583,497.965512543038,9.02371781681552,227.757867308012,2.32150681452583,497.965512543038,8.2946231485003,256.41435731697,2.32150681452583,497.965512543038
1.59464234188175,679.255608672238,1.59464234188175,711.869780255162,6.67350138346268,236.843793333477,1.59464234188175,628.473592026092,7.66135539636247,236.843793333477,2.2616406251417,711.869780255162,8.5460714503248,236.843793333477,2.2616406251417,552.015246852192,8.5460714503248,236.843793333477,2.2616406251417,531.781312503339,9.36304373529498,249.430553110571,2.2616406251417,531.781312503339,8.5460714503248,276.072876658291,2.2616406251417,531.781312503339
1.56930106768875,707.295421228082,1.56930106768875,752.770671691773,6.82507613993425,255.175602955866,1.56930106768875,660.370847584422,7.77205635117622,255.175602955866,2.18426974665266,752.770671691773,8.78425430737588,255.175602955866,2.18426974665266,563.058516949481,8.78425430737588,255.175602955866,2.18426974665266,563.058516949481,9.67849388553424,271.469562649617,2.18426974665266,563.058516949481,8.78425430737588,294.83115803268,2.18426974665266,563.058516949481
1.53484052981389,728.362735624261,1.53484052981389,786.88005482839,6.9613704111415,273.611810649147,1.53484052981389,686.388411927984,7.86718390588999,273.611810649147,2.09218301990711,786.88005482839,9.01202836297494,273.611810649147,2.09218301990711,591.543618530009,9.01202836297494,273.611810649147,2.09218301990711,591.543618530009,9.97158233821301,293.773205211158,2.09218301990711,591.543618530009,9.01202836297494,312.556056425545,2.09218301990711,591.543618530009
1.4942479194599,742.46968895061,1.4942479194599,813.565734316782,7.08352261445032,292.13930240689,1.4942479194599,706.424408702522,7.95399808774192,292.13930240689,1.98892368718344,813.565734316782,9.23472933811291,292.13930240689,1.98892368718344,616.906066805909,9.23472933811291,292.13930240689,1.98892368718344,616.906066805909,10.2197595263174,316.258447943348,1.98892368718344,616.906066805909,9.23472933811291,329.18309591178,1.98892368718344,616.906066805909
1.45070216072816,749.761074608496,1.45070216072816,832.402479320076,7.17707451992766,310.683989332071,1.45070216072816,720.459815302832,8.03980404754833,310.683989332071,1.87947689160216,832.402479320076,9.45730794254235,310.683989332071,1.87947689160216,638.706645051734,9.45730794254235,310.683989332071,1.87947689160216,638.706645051734,10.442148910064,338.817709386267,1.87947689160216,638.706645051734,9.45730794254235,344.662292926543,1.87947689160216,638.706645051734
1.40710937911797,750.451335180655,1.40710937911797,843.142921126607,7.18663889681227,329.100316853398,1.40710937911797,728.527383198212,8.13085337413702,331.704216844863,1.76753852293927,843.142921126607,9.68387728294726,331.704216844863,1.76753852293927,656.469234545155,9.68387728294726,331.704216844863,1.76753852293927,656.469234545155,10.6535323728706,361.299738851203,1.76753852293927,656.469234545155,9.68387728294726,361.299738851203,1.76753852293927,656.469234545155
1.36580975755959,744.805906593355,1.36580975755959,845.732895077306,7.14880184250734,347.182512249161,1.36580975755959,730.699027612026,8.23175582458151,354.572886205063,1.65637749742769,845.732895077306,9.91716558778961,354.572886205063,1.65637749742769,669.794449415101,9.91716558778961,354.572886205063,1.65637749742769,669.794449415101,10.8555368485336,383.492621330645,1.65637749742769,669.794449415101,9.91716558778961,383.492621330645,1.65637749742769,669.794449415101
1.32845708057943,733.171562202308,1.32845708057943,841.411311218952,7.06917583371126,364.699597551332,1.32845708057943,727.109476918872,8.3443240698349,377.504835556483,1.54845186462398,840.337588022528,10.1592926152468,377.504835556483,1.54845186462398,678.363187767902,10.1592926152468,377.504835556483,1.54845186462398,678.363187767902,11.0490421717174,405.145511558312,1.54845186462398,678.363187767902,10.1592926152468,405.145511558312,1.54845186462398,678.363187767902
1.29603470658316,717.984852779348,1.29603470658316,833.666255519646,6.98865369495264,381.410262432615,1.29603470658316,717.984852779348,8.47283942263959,400.101512742614,1.44534768306937,827.318145758466,10.4110589210923,400.101512742614,1.44534768306937,681.998301083787,10.4110589210923,400.101512742614,1.44534768306937,681.998301083787,11.2346793569855,425.962579231905,1.44534768306937,681.998301083787,10.4110589210923,425.962579231905,1.44534768306937,681.998301083787
1.26895755815366,703.655303077188,1.26895755815366,817.718704170643,6.90852893946481,397.063926120454,1.26895755815366,726.633563687182,8.61003056836148,421.922839377207,1.34766110479961,807.250296198599,10.6557241717195,421.922839377207,1.34766110479961,680.65579022148,10.6557241717195,421.922839377207,1.34766110479961,680.65579022148,11.4131241835971,445.635077919499,1.34766110479961,680.65579022148,10.6728953818111,445.635077919499,1.34766110479961,680.65579022148
1.247212500974,686.98687569987,1.247212500974,794.346822900487,6.82911111633399,411.430951261989,1.247212500974,745.077538123313,8.76485430430182,442.512646334014,1.25632699734092,780.865531887003,10.6633894757661,442.512646334014,1.25632699734092,674.449679091901,10.6633894757661,442.512646334014,1.25632699734092,674.449679091901,11.5852017968661,463.820107210947,1.25632699734092,674.449679091901,10.9448460091144,463.820107210947,1.25632699734092,674.449679091901
1.23050116908547,706.520656305711,1.17112927693284,764.499478653919,6.75063404703332,424.279072398868,1.17112927693284,758.101845832284,8.77787385581366,461.384370316475,1.17112927693284,749.083822707807,10.6660891286426,461.384370316475,1.17112927693284,684.249919418865,10.6660891286426,461.384370316475,1.17112927693284,684.249919418865,11.578233370733,480.195280740433,1.17112927693284,684.249919418865,11.2266976204589,480.195280740433,1.17112927693284,684.249919418865
1.21836332227798,720.09125177442,1.091513391452,765.438455579078,6.6732421187104,435.399786541484,1.091513391452,765.438455579078,8.76351532875998,478.096743902704,1.091513391452,712.909810717331,10.6646344400822,478.096743902704,1.091513391452,694.573935273252,10.6646344400822,478.096743902704,1.091513391452,694.573935273252,11.5211803221028,494.459262146638,1.091513391452,694.573935273252,11.5181552145621,494.459262146638,1.091513391452,694.573935273252
1.21027110536909,730.146909143996,1.01724190850251,766.973801204082,6.59700256745572,444.625151033595,1.01724190850251,766.973801204082,8.74847096646579,492.245611343312,1.01724190850251,700.152630277669,10.6601728525964,492.245611343312,1.01724190850251,700.152630277669,10.6601728525964,492.245611343312,1.01724190850251,700.152630277669,11.4635781564946,506.341174215287,1.01724190850251,700.152630277669,11.4635781564946,506.341174215287,1.01724190850251,700.152630277669
1.2056933366992,737.326318851588,0.948003507321744,762.754793152657,6.52193080178978,451.805460068492,0.948003507321744,762.754793152657,8.73270697841713,503.482720008046,0.948003507321744,700.97623078071,10.6533247809023,503.482720008046,0.948003507321744,700.97623078071,10.6533247809023,503.482720008046,0.948003507321744,700.97623078071,11.4059690904505,515.60677434242,0.948003507321744,700.97623078071,11.4059690904505,515.60677434242,0.948003507321744,700.97623078071
1.2041340167184,739.554873966022,0.883463745586142,752.968203863371,6.4480109140452,456.81415552593,0.883463745586142,752.968203863371,8.71623739533834,511.532447232998,0.883463745586142,697.15093199075,10.6442792262076,511.532447232998,0.883463745586142,697.15093199075,10.6442792262076,511.532447232998,0.883463745586142,697.15093199075,11.3487196642798,522.075754016158,0.883463745586142,697.15093199075,11.3487196642798,522.075754016158,0.883463745586142,697.15093199075
1.20515131880109,742.524274135518,0.823298814429848,742.524274135518,6.37520919495153,459.571237821333,0.823298814429848,737.938326182727,8.69907466110987,516.206690421566,0.823298814429848,698.407920964176,10.6332972327903,516.206690421566,0.823298814429848,698.407920964176,10.6332972327903,516.206690421566,0.823298814429848,698.407920964176,11.2920643959147,525.623116062471,0.823298814429848,698.407920964176,11.2920643959147,525.623116062471,0.823298814429848,698.407920964176
1.2083633939107,754.061932331297,0.767213100293077,754.061932331297,6.30348223563055,460.021616046337,0.767213100293077,718.16571677577,8.68127067673242,517.41852291678,0.767213100293077,697.225469056067,10.620624476191,517.41852291678,0.767213100293077,697.225469056067,10.620624476191,517.41852291678,0.767213100293077,697.225469056067,11.2361392441002,530.555602295317,0.767213100293077,697.225469056067,11.2361392441002,526.183462082059,0.767213100293077,697.225469056067
1.213446311204,760.848153092201,0.714935867899101,760.848153092201,6.23278172180005,458.175830249939,0.714935867899101,694.148723510623,8.66289553750335,515.153783042009,0.714935867899101,691.332004355448,10.6064706666984,515.153783042009,0.714935867899101,691.332004355448,10.6064706666984,515.153783042009,0.714935867899101,691.332004355448,11.1810067691166,534.15184940159,0.714935867899101,691.332004355448,11.1810067691166,523.76326881955,0.714935867899101,691.332004355448
1.22012806054193,762.720906992838,0.666207986717325,762.720906992838,6.16305747867153,454.072094805689,0.666207986717325,666.521697647062,8.64402142910115,509.519125501644,0.666207986717325,696.537122540829,10.5910082175026,509.519125501644,0.666207986717325,680.910879681293,10.5910082175026,509.519125501644,0.666207986717325,680.910879681293,11.1266755673707,534.09682679858,0.666207986717325,680.910879681293,11.1266755673707,518.418736919904,0.666207986717325,696.537122540829
1.22817869369703,759.643126194597,0.620500263866063,759.643126194597,6.09399269897694,453.792926772888,0.620500263866063,635.948517767857,8.62471365327247,500.710928104903,0.620500263866063,698.237998780897,10.5744043547368,500.710928104903,0.620500263866063,666.243079261659,10.5744043547368,500.710928104903,0.620500263866063,666.243079261659,11.073115812521,530.420725345704,0.620500263866063,666.243079261659,11.073115812521,511.785188365627,0.620500263866063,698.237998780897
1.23710968578359,751.693451842783,0.578300547374397,751.693451842783,6.02599984710133,451.322668482962,0.578300547374397,613.7071535362,8.60502661269595,488.951404095121,0.578300547374397,694.566318700872,10.5568377117432,488.951404095121,0.578300547374397,647.705343248491,10.5568377117432,488.951404095121,0.578300547374397,647.705343248491,11.0202718967199,523.249833602619,0.578300547374397,647.705343248491,11.0202718967199,508.109763599203,0.578300547374397,694.566318700872
1.24728661981783,739.068561570083,0.538970773716585,739.068561570083,5.95896287742687,451.175226049814,0.538970773716585,603.485628662064,8.58500307014669,474.568776618992,0.538970773716585,685.700870043182,10.5383879196626,474.568776618992,0.538970773716585,625.734141858398,10.5383879196626,474.568776618992,0.538970773716585,625.734141858398,10.9680726202199,512.797956014342,0.538970773716585,625.734141858398,10.9680726202199,501.758800791213,0.538970773716585,685.700870043182
1.25855038366052,722.068856503196,0.50232596672106,722.068856503196,5.89272690449849,451.322005289365,0.50232596672106,602.076517031353,8.56467527930539,457.91376153731,0.50232596672106,672.430611244989,10.5188036517744,457.91376153731,0.50232596672106,618.199496646071,10.5188036517744,463.254048944038,0.50232596672106,618.199496646071,10.9164391411692,499.344807673524,0.50232596672106,618.199496646071,10.9164391411692,492.846056523089,0.50232596672106,671.953464522048
1.27058348080209,701.090143233521,0.468344708552252,701.090143233521,5.82722815963433,450.661615496875,0.468344708552252,602.717034130987,8.54408439094499,450.661615496875,0.468344708552252,670.869415939636,10.4983497538065,450.661615496875,0.468344708552252,609.976712295923,10.4983497538065,450.661615496875,0.468344708552252,609.976712295923,10.865290596195,483.236575340323,0.468344708552252,609.976712295923,10.865290596195,481.621405293131,0.468344708552252,653.751972985167
1.2832515128581,676.597481940966,0.436574997522541,676.597481940966,5.76243905324577,448.155220479212,0.436574997522541,606.623819453692,8.52320258324238,448.155220479212,0.436574997522541,664.370827361953,10.4771369327298,448.155220479212,0.436574997522541,597.21500635675,10.4771369327298,448.155220479212,0.436574997522541,597.21500635675,10.8144378828368,468.142360522578,0.436574997522541,597.21500635675,10.8144378828368,468.142360522578,0.436574997522541,631.616466077974
1.29648895793685,649.117884126825,0.406945888128689,649.117884126825,5.69834085536331,443.827240762824,0.406945888128689,607.377554046141,8.50215858468602,443.827240762824,0.406945888128689,653.157587752123,10.45520524646,445.92551949563,0.406945888128689,589.914978219213,10.45520524646,445.92551949563,0.406945888128689,589.914978219213,10.7640188758036,452.792047879851,0.406945888128689,589.914978219213,10.7640188758036,452.792047879851,0.406945888128689,606.106668634212
1.31024516131004,619.193825961643,0.379167412526158,628.749492800386,5.63491603653245,437.600560704275,0.379167412526158,604.977121710157,8.48080072618461,437.600560704275,0.379167412526158,637.516457164321,10.2674685105596,442.429543578815,0.379167412526158,581.137297434193,10.2674685105596,442.429543578815,0.379167412526158,581.137297434193,10.7139335845123,442.429543578815,0.379167412526158,581.137297434193,10.7139335845123,442.429543578815,0.379167412526158,581.137297434193
1.32447141866788,599.469295994564,0.353530120334142,618.104411919509,5.57214765482241,429.728246777706,0.353530120334142,599.469295994564,8.45919002470799,429.728246777706,0.353530120334142,617.895417682946,10.0732420506638,436.870267754838,0.353530120334142,573.496883954365,10.0732420506638,436.870267754838,0.353530120334142,573.496883954365,10.6640515862407,436.870267754838,0.353530120334142,573.496883954365,10.6640515862407,436.870267754838,0.353530120334142,573.496883954365
1.33912244988443,590.966850997682,0.329635627297307,604.442487488758,5.51002133572768,420.299162108971,0.329635627297307,590.966850997682,8.43735224062079,420.299162108971,0.329635627297307,594.790243128573,9.88130482634791,429.348372325988,0.329635627297307,564.590306314345,9.88130482634791,429.348372325988,0.329635627297307,564.590306314345,10.6143069484461,429.348372325988,0.329635627297307,564.590306314345,10.6143069484461,429.348372325988,0.329635627297307,564.590306314345
1.35415885328774,580.94129708701,0.307362995998232,588.024816622109,5.44852416776837,409.461490143407,0.307362995998232,579.62638529769,8.41529392527019,409.461490143407,0.307362995998232,568.764767682634,9.6917750644701,419.999817454844,0.307362995998232,553.096899786815,9.6917750644701,419.999817454844,0.307362995998232,553.096899786815,10.5646542628321,419.999817454844,0.307362995998232,553.096899786815,10.5646542628321,419.999817454844,0.307362995998232,553.096899786815
1.36954757503145,569.01778189499,0.28661519339488,569.162842688812,5.38764488295891,397.373500473806,0.28661519339488,565.672502675212,8.39301610070726,397.373500473806,0.28661519339488,540.419804175525,9.50474971422477,408.987339255885,0.28661519339488,539.217777592281,9.50474971422477,408.987339255885,0.28661519339488,539.217777592281,10.5150574146181,408.987339255885,0.28661519339488,539.217777592281,10.5150574146181,408.987339255885,0.28661519339488,539.217777592281
1.38526115856905,553.97292293752,0.267285356716798,553.97292293752,5.3273738009708,384.206457169956,0.267285356716798,549.339886051302,8.37051970138435,384.206457169956,0.267285356716798,523.190721108688,9.32030722785373,396.484081661627,0.267285356716798,523.190721108688,9.32030722785373,396.484081661627,0.267285356716798,523.190721108688,10.4654839709894,396.484081661627,0.267285356716798,523.190721108688,10.4654839709894,396.484081661627,0.267285356716798,523.190721108688
1.40127675344075,543.95196289561,0.249274957046851,543.95196289561,5.2677025050939,371.486670898139,0.249274957046851,530.969580576119,8.34780639418546,371.486670898139,0.249274957046851,511.257329567147,9.1385002054534,382.699179203938,0.249274957046851,511.257329567147,9.1385002054534,382.699179203938,0.249274957046851,511.257329567147,10.4159046451695,382.699179203938,0.249274957046851,511.257329567147,10.4159046451695,382.699179203938,0.249274957046851,505.279433354667
1.41757528780857,532.010744637171,0.232492428067985,532.010744637171,5.20862356469053,362.043347396739,0.232492428067985,510.8322294308,8.32487818611957,362.450640667443,0.232492428067985,498.730974530373,8.95939075252249,367.839586004757,0.232492428067985,498.730974530373,8.95939075252249,367.839586004757,0.232492428067985,498.730974530373,10.3662936910848,367.839586004757,0.232492428067985,498.730974530373,10.3662936910848,367.839586004757,0.232492428067985,485.769722016535
1.43414084003473,517.942342406594,0.216852678537577,517.942342406594,5.15013032151643,351.782235501449,0.216852678537577,489.221881781152,8.26372334305586,355.395037255373,0.216852678537577,483.995049205777,8.78302498669484,357.096337669794,0.216852678537577,483.995049205777,8.78302498669484,357.096337669794,0.216852678537577,483.995049205777,10.3166290521233,357.096337669794,0.216852678537577,483.995049205777,10.3166290521233,357.096337669794,0.216852678537577,464.960842164334
1.45164948323219,501.971391706896,0.202276612959849,501.971391706896,5.08956696182616,343.460731686156,0.202276612959849,467.355264227407,8.08938836234757,347.418101050999,0.202276612959849,467.355264227407,8.60855682594752,350.142245025599,0.202276612959849,467.355264227407,8.60855682594752,350.142245025599,0.202276612959849,467.355264227407,10.2648935168186,350.142245025599,0.202276612959849,467.355264227407,10.2648935168186,350.142245025599,0.202276612959849,443.14303898647
1.47023859778994,484.385916573749,0.188690725763081,484.385916573749,5.03491145932452,334.147371636803,0.188690725763081,449.128231839249,7.92061639330382,338.620466917279,0.188690725763081,449.128231839249,8.43857454675117,342.454960552827,0.188690725763081,449.128231839249,8.43857454675117,342.454960552827,0.188690725763081,449.128231839249,10.2170718060586,342.454960552827,0.188690725763081,449.128231839249,10.2170718060586,342.454960552827,0.188690725763081,432.150686781971
1.49621678047288,465.435091654322,0.176029067767843,465.435091654322,4.97837847128391,323.980136949532,0.176029067767843,429.638962595093,7.75435971602934,329.114821322611,0.176029067767843,435.601381466344,8.27087102733287,334.123041781085,0.176029067767843,435.601381466344,8.27087102733287,334.123041781085,0.176029067767843,435.601381466344,10.1676495041262,334.123041781085,0.176029067767843,435.601381466344,10.1676495041262,334.123041781085,0.176029067767843,420.63495024004
1.51485072479568,445.443169526119,0.164570020288295,445.443169526119,4.92412438162165,313.137499751213,0.164570020288295,409.266368912965,7.5943828082145,319.041520666359,0.164570020288295,429.88566264791,8.10889987040741,325.207413765079,0.164570020288295,429.88566264791,8.10889987040741,325.207413765079,0.164570020288295,429.88566264791,10.1230253551088,325.207413765079,0.164570020288295,429.88566264791,10.1230253551088,325.207413765079,0.164570020288295,407.659001199418
1.55085493540554,424.684210216746,0.154410145240831,424.684210216746,4.87554826726841,301.886946932584,0.154410145240831,388.46042046866,7.44732071564499,308.617555436997,0.154410145240831,422.836670239504,7.9595378001801,315.806823559136,0.154410145240831,422.836670239504,7.9595378001801,315.806823559136,0.154410145240831,422.836670239504,10.0494787836639,315.806823559136,0.154410145240831,422.836670239504,10.0494787836639,315.806823559136,0.154410145240831,393.634971135993
1.59708994939859,403.536131325408,0.145229993682278,403.596322654999,4.83717386783445,293.851528848245,0.145229993682278,373.829738714625,7.31621446344235,298.081655458527,0.145229993682278,414.803008421205,7.83346911684374,306.022002408236,0.145229993682278,414.803008421205,7.83346911684374,306.022002408236,0.145229993682278,414.803008421205,9.95001115438112,306.022002408236,0.145229993682278,414.803008421205,9.95001115438112,306.022002408236,0.145229993682278,380.742608624435
1.61881231880591,384.455028695098,0.138492106270292,390.495058962157,4.8125926070984,292.765667083647,0.138492106270292,372.925996406459,7.21133196278504,292.765667083647,0.138492106270292,405.999702044524,7.73903922035914,300.559714506187,0.138492106270292,405.999702044524,7.73903922035914,295.961958101979,0.138492106270292,405.999702044524,9.87652155362195,295.961958101979,0.138492106270292,405.999702044524,9.87652155362195,300.559714506187,0.138492106270292,376.870942759056
1.65627077945885,384.238468990103,0.133077242670595,384.238468990103,4.80362767571308,291.435633597182,0.133077242670595,378.431910720239,7.13906944490674,291.435633597182,0.133077242670595,396.511549937418,7.68383138721378,294.713930626244,0.133077242670595,396.511549937418,7.68383138721378,286.840557991736,0.133077242670595,396.511549937418,9.83334296972697,286.840557991736,0.133077242670595,396.511549937418,9.83334296972697,294.713930626244,0.133077242670595,372.938903441783
1.70904391201435,383.988305225529,0.129265682960124,383.988305225529,4.80989694549493,289.897904235165,0.129265682960124,383.147617346942,7.0614067469192,289.897904235165,0.129265682960124,386.26977702325,7.67025297611826,288.369576191829,0.129265682960124,386.26977702325,7.67025297611826,283.829826646131,0.129265682960124,386.26977702325,9.82204535038136,283.829826646131,0.129265682960124,386.26977702325,9.82204535038136,288.369576191829,0.129265682960124,368.839285995797
1.77503925650837,383.148192545334,0.12694340326027,386.966863662834,4.83008855458889,288.156384299787,0.12694340326027,386.966863662834,7.00884573696664,288.156384299787,0.12694340326027,375.259933933078,7.69875433314598,281.585852534176,0.12694340326027,375.259933933078,7.69875433314598,281.553176482975,0.12694340326027,375.259933933078,9.84160043608955,281.553176482975,0.12694340326027,375.259933933078,9.84160043608955,281.585852534176,0.12694340326027,364.386463978249
1.85142733832509,381.553618739117,0.125441698078873,389.767854788539,4.86089515425027,286.130278167598,0.125441698078873,389.767854788539,6.98124110059171,286.130278167598,0.125441698078873,363.442021995809,7.76757209157472,280.608278710636,0.125441698078873,363.442021995809,7.76757209157472,280.608278710636,0.125441698078873,363.442021995809,9.88897745084796,280.608278710636,0.125441698078873,363.442021995809,9.88897745084796,280.608278710636,0.125441698078873,359.365062078433
1.9349636510695,379.061259882936,0.124564504209047,391.440860540966,4.89947281615918,283.736674994574,0.124564504209047,391.440860540966,6.97735421366099,283.736674994574,0.124564504209047,358.787528642906,7.87031852756514,279.381731169575,0.124564504209047,358.787528642906,7.87031852756514,279.381731169575,0.124564504209047,358.787528642906,9.96072237197149,279.381731169575,0.124564504209047,358.787528642906,9.96072237197149,279.381731169575,0.124564504209047,358.787528642906
2.02242349534736,375.685273529593,0.124018842302235,392.718785695314,4.94360095617997,280.892907023284,0.124018842302235,391.894694256925,6.99346761272812,280.892907023284,0.124018842302235,357.836753307982,8.00333290349397,277.728084720606,0.124018842302235,357.836753307982,8.00333290349397,277.728084720606,0.124018842302235,357.836753307982,10.0536460431992,277.728084720606,0.124018842302235,357.836753307982,10.0536460431992,277.728084720606,0.124018842302235,357.836753307982
2.11198447566682,371.088436528476,0.124005846528235,395.127868378699,4.99126861653577,277.500509231539,0.124005846528235,395.127868378699,7.02819234080545,277.500509231539,0.124005846528235,355.93663058805,8.16174931606758,275.536623798188,0.124005846528235,355.93663058805,8.16174931606758,275.536623798188,0.124005846528235,355.93663058805,10.1654192983756,275.536623798188,0.124005846528235,355.93663058805,10.1654192983756,275.536623798188,0.124005846528235,355.93663058805
2.14693738453037,367.338820817963,0.124036163704943,400.741898355706,5.04105199047739,273.506173144537,0.124036163704943,400.741898355706,7.08005121266649,273.506173144537,0.124036163704943,352.996337655982,8.34248997848534,272.735400799069,0.124036163704943,352.996337655982,8.34248997848534,272.735400799069,0.124036163704943,352.996337655982,10.2971930861344,272.735400799069,0.124036163704943,352.996337655982,10.2971930861344,272.735400799069,0.124036163704943,352.996337655982
2.17078189930584,381.560978295996,0.124082516503677,405.266569885525,5.09208458398792,268.87527899433,0.124082516503677,405.266569885525,7.14898856985479,269.248647083903,0.124082516503677,348.967303277602,8.54248764104455,269.248647083903,0.124082516503677,348.967303277602,8.54248764104455,269.248647083903,0.124082516503677,348.967303277602,10.444546234418,269.248647083903,0.124082516503677,348.967303277602,10.444546234418,269.248647083903,0.124082516503677,348.967303277602
2.19674065804071,395.34295977579,0.124130700194996,408.480781622644,5.14356658815575,265.168197350554,0.124130700194996,408.480781622644,7.23328845754025,265.200797752439,0.124130700194996,343.842583745749,8.76100266507013,265.200797752439,0.124130700194996,352.638851578413,8.76100266507013,265.200797752439,0.124130700194996,352.638851578413,10.6064379213324,265.200797752439,0.124130700194996,343.842583745749,10.6064379213324,265.200797752439,0.124130700194996,352.638851578413
2.22459491196117,408.507768336236,0.124173813590687,410.439175583982,5.19524869107926,261.251742187938,0.124173813590687,410.439175583982,7.33183588733437,261.251742187938,0.124173813590687,354.106487937737,8.99614398812332,261.251742187938,0.124173813590687,359.205271590369,8.99614398812332,261.251742187938,0.124173813590687,359.205271590369,10.7791305984942,261.251742187938,0.124173813590687,354.106487937737,10.7791305984942,261.251742187938,0.124173813590687,359.205271590369
2.25414175806498,420.868672043581,0.124208689225782,420.868672043581,5.24706306616298,256.710427318485,0.124208689225782,411.085734521192,7.44417505136812,256.710427318485,0.124208689225782,364.102673979436,9.24665192879104,256.710427318485,0.124208689225782,364.848674155849,9.24665192879104,256.710427318485,0.124208689225782,364.848674155849,10.9691433226093,256.710427318485,0.124208689225782,364.102673979436,10.9691433226093,256.710427318485,0.124208689225782,364.848674155849
2.28520464852238,432.235558951679,0.124233857897366,432.235558951679,5.2989415912856,256.303788308537,0.124233857897366,410.406512157967,7.56915444227832,256.303788308537,0.124233857897366,373.324156062769,9.41263502507547,256.303788308537,0.124233857897366,373.324156062769,9.41263502507547,256.303788308537,0.124233857897366,373.324156062769,11.1753310642965,256.303788308537,0.124233857897366,373.324156062769,11.1753310642965,256.303788308537,0.124233857897366,369.496366262247
2.31763236343744,442.440761363946,0.124248503165802,442.440761363946,5.35084692214565,256.067107198527,0.124248503165802,408.402859102654,7.7059219379521,256.067107198527,0.124248503165802,381.619887418084,9.51439488084873,256.067107198527,0.124248503165802,381.619887418084,9.51439488084873,256.067107198527,0.124248503165802,381.619887418084,11.3953862896432,256.067107198527,0.124248503165802,381.619887418084,11.3953862896432,256.067107198527,0.124248503165802,373.078801900748
2.35128317341076,451.309286126192,0.124252006140353,451.309286126192,5.40276452868681,255.138837408996,0.124252006140353,405.093869514494,7.85360952897861,255.138837408996,0.124252006140353,388.852877163365,9.62687309234309,255.138837408996,0.124252006140353,388.852877163365,9.62687309234309,255.138837408996,0.124252006140353,388.852877163365,11.6281515760249,255.138837408996,0.124252006140353,388.852877163365,11.6281515760249,255.138837408996,0.124252006140353,375.546529300519
2.38009200989108,458.709052976147,0.124249905141539,458.709052976147,5.45469504226083,253.536993027351,0.124249905141539,400.515315113002,8.01138502090908,253.536993027351,0.124249905141539,394.907528331024,9.74907323705509,253.536993027351,0.124249905141539,394.907528331024,9.74907323705509,253.536993027351,0.124249905141539,394.907528331024,11.8729498441505,253.536993027351,0.124249905141539,394.907528331024,11.8729498441505,253.536993027351,0.124249905141539,376.862779801033
2.09253949200593,464.49429506421,0.124240416866826,464.49429506421,5.50664920985843,251.283958707571,0.124240416866826,394.660826362328,8.17846780125263,251.283958707571,0.124240416866826,399.661300620603,9.87986785480996,251.283958707571,0.124240416866826,399.661300620603,9.87986785480996,251.283958707571,0.124240416866826,399.661300620603,12.1292360438666,251.283958707571,0.124240416866826,399.661300620603,12.1292360438666,251.283958707571,0.124240416866826,377.004777470139
1.83668040661815,468.560202902607,0.124219688632081,468.560202902607,5.55864483276764,248.40744776077,0.124219688632081,387.727536321247,8.3535606332623,248.40744776077,0.124219688632081,403.040865661816,10.0182482697611,248.40744776077,0.124219688632081,403.040865661816,10.0182482697611,248.40744776077,0.124219688632081,403.040865661816,12.3965035779648,248.40744776077,0.124219688632081,403.040865661816,12.3965035779648,248.40744776077,0.124219688632081,375.963939022689
1.61205793307818,470.839668888924,0.124186696694949,470.839668888924,5.61070468334048,247.123298309392,0.124186696694949,379.716902289447,8.53767921044039,244.938618233907,0.124186696694949,404.982593454726,10.163340439021,244.938618233907,0.124186696694949,404.982593454726,10.163340439021,244.938618233907,0.124186696694949,404.982593454726,12.6742886341942,244.938618233907,0.124186696694949,404.982593454726,12.6742886341942,244.938618233907,0.124186696694949,373.748393258885
1.4149080748839,471.285720644366,0.124140846659543,471.285720644366,5.66285475552934,248.976057731668,0.124140846659543,370.75666788671,8.72953834111172,240.91963405053,0.124140846659543,405.446939898173,10.3144012806373,240.91963405053,0.124140846659543,405.446939898173,10.3144012806373,240.91963405053,0.124140846659543,405.446939898173,12.5980423471793,240.91963405053,0.124140846659543,405.446939898173,12.5980423471793,240.91963405053,0.124140846659543,370.327266773734
1.24183782772616,469.880983410823,0.124081794089193,469.880983410823,5.71512261761654,250.238893349406,0.124081794089193,360.841528430728,8.92867435458902,237.917256239156,0.124081794089193,404.416352709222,10.4705393071898,237.917256239156,0.124081794089193,404.416352709222,10.4705393071898,237.917256239156,0.124081794089193,404.416352709222,11.3353393497978,237.917256239156,0.124081794089193,404.416352709222,11.3353393497978,237.917256239156,0.124081794089193,365.846526180702
1.08990991063183,466.638623891127,0.124009409262271,466.638623891127,5.76753589068971,250.896980415152,0.124009409262271,350.158915809364,9.13523353188748,237.964262367083,0.124009409262271,401.884996112768,10.1923156915427,237.964262367083,0.124009409262271,401.884996112768,10.1923156915427,237.964262367083,0.124009409262271,401.884996112768,10.1923156915427,237.964262367083,0.124009409262271,401.884996112768,10.1923156915427,237.964262367083,0.124009409262271,360.366915839141
0.956547547813898,461.600928321077,0.123923771077614,461.600928321077,5.82011969364214,250.943893654444,0.123923771077614,338.800459654436,9.34837647841016,237.361495586705,0.123923771077614,397.921058692362,9.15859080679274,237.361495586705,0.123923771077614,397.921058692362,9.15859080679274,237.361495586705,0.123923771077614,397.921058692362,9.15859080679274,237.361495586705,0.123923771077614,397.921058692362,9.15859080679274,237.361495586705,0.123923771077614,353.812500512189
0.839486168481926,454.809497252298,0.1238251535367,454.809497252298,5.8728568800642,250.377005763763,0.1238251535367,326.877372884832,9.56800506150796,236.380016262105,0.1238251535367,392.511397967084,8.22091857931264,236.380016262105,0.1238251535367,392.511397967084,8.22091857931264,236.380016262105,0.1238251535367,392.511397967084,8.22091857931264,236.380016262105,0.1238251535367,392.511397967084,8.22091857931264,236.380016262105,0.1238251535367,346.321862873713
0.736735107445384,446.438835031052,0.123713997999573,446.438835031052,5.92581543122083,249.200417904532,0.123713997999573,315.981480760142,8.6987297763385,234.767475064643,0.123713997999573,385.86470715951,7.37834779403557,234.767475064643,0.123713997999573,385.86470715951,7.37834779403557,234.767475064643,0.123713997999573,385.86470715951,7.37834779403557,234.767475064643,0.123713997999573,385.86470715951,7.37834779403557,234.767475064643,0.123713997999573,337.984396541851
0.646546856529312,436.560201225748,0.123590875361515,436.560201225748,5.97903489772216,247.423256194193,0.123590875361515,311.949397305943,7.80903022692837,232.617524566674,0.123590875361515,377.870792735604,6.61205626119272,232.617524566674,0.123590875361515,377.870792735604,6.61205626119272,232.617524566674,0.123590875361515,377.870792735604,6.61205626119272,232.617524566674,0.123590875361515,377.870792735604,6.61205626119272,232.617524566674,0.123590875361515,328.883013945318
0.567388065757769,425.247396463509,0.123456445007832,425.247396463509,6.03251538673532,245.036513480774,0.123456445007832,307.107023282989,6.96067599439403,230.071563901033,0.123456445007832,368.762646283863,5.93128233210018,230.071563901033,0.123456445007832,368.762646283863,5.93128233210018,230.071563901033,0.123456445007832,368.762646283863,5.93128233210018,230.071563901033,0.123456445007832,368.762646283863,5.93128233210018,230.071563901033,0.123456445007832,319.109558126433
0.497912041596464,412.722764211974,0.123311416463764,412.722764211974,6.08626292039173,242.154286753078,0.123311416463764,302.364863180536,6.180699767428,226.91141177833,0.123311416463764,358.620934444227,5.31838520694464,226.91141177833,0.123311416463764,358.620934444227,5.31838520694464,226.91141177833,0.123311416463764,358.620934444227,5.31838520694464,226.91141177833,0.123311416463764,358.620934444227,5.31838520694464,226.91141177833,0.123311416463764,308.759546847063
0.436935749934492,399.124957101933,0.12315651745422,399.124957101933,5.47719571333028,239.196466828096,0.12315651745422,299.224201666938,5.47719571333028,223.391740180255,0.12315651745422,347.571566077601,4.76411985315417,223.391740180255,0.12315651745422,347.571566077601,4.76411985315417,223.391740180255,0.12315651745422,347.571566077601,4.76411985315417,223.391740180255,0.12315651745422,347.571566077601,4.76411985315417,223.391740180255,0.12315651745422,297.929832512784
0.38342062366246,384.621276473497,0.122992469817064,384.621276473497,4.86226675042554,236.98411277785,0.122992469817064,295.37809882616,4.86226675042554,219.390582979934,0.122992469817064,335.742470328609,4.27159591401233,219.390582979934,0.122992469817064,335.742470328609,4.27159591401233,219.390582979934,0.122992469817064,335.742470328609,4.27159591401233,219.390582979934,0.122992469817064,335.742470328609,4.27159591401233,219.390582979934,0.122992469817064,293.467673940696
0.33645500867533,369.380478165059,0.122819973038986,369.380478165059,4.31306987946891,234.327113807827,0.122819973038986,291.917065887038,4.31306987946891,215.303415496572,0.122819973038986,323.265712367756,3.82368451160391,215.082864125311,0.122819973038986,323.265712367756,3.82368451160391,215.082864125311,0.122819973038986,323.265712367756,3.82368451160391,215.082864125311,0.122819973038986,323.265712367756,3.82368451160391,215.082864125311,0.122819973038986,291.917065887038
0.29523833453004,361.968786216223,0.122639694189616,361.968786216223,3.82410705571647,231.1834377276,0.122639694189616,289.373673426254,3.82410705571647,214.599550266541,0.122639694189616,310.273243360078,3.42344339178408,210.343447637794,0.122639694189616,310.273243360078,3.42344339178408,210.343447637794,0.122639694189616,310.273243360078,3.42344339178408,210.343447637794,0.122639694189616,310.273243360078,3.42344339178408,210.343447637794,0.122639694189616,289.373673426254
0.259067614861124,354.111856456088,0.122452262666229,354.111856456088,3.39284014717805,227.624655107793,0.122452262666229,287.07283781161,3.39284014717805,213.52986665624,0.122452262666229,296.894619290201,3.06102345205909,205.492181744892,0.122452262666229,296.894619290201,3.06102345205909,205.492181744892,0.122452262666229,296.894619290201,3.06102345205909,205.492181744892,0.122452262666229,296.894619290201,3.06102345205909,205.492181744892,0.122452262666229,286.303037938147
0.227325740129345,345.420404611302,0.122258268216228,345.420404611302,3.00617150860807,223.664669931283,0.122258268216228,286.548135036469,3.00617150860807,212.100184376047,0.122258268216228,290.186240386895,2.74063250895506,201.620676252722,0.122258268216228,283.25508379514,2.74063250895506,201.620676252722,0.122258268216228,283.25508379514,2.74063250895506,201.620676252722,0.122258268216228,283.25508379514,2.74063250895506,201.620676252722,0.122258268216228,282.595984594279
0.199470975348959,335.965331829384,0.122058260982499,335.965331829384,2.66231139461207,219.332651663625,0.122058260982499,285.295969448185,2.66231139461207,210.318651152138,0.122058260982499,287.388654796742,2.45317383684961,197.473946287642,0.122058260982499,278.302556435003,2.45317383684961,197.473946287642,0.122058260982499,278.302556435003,2.45317383684961,197.473946287642,0.122058260982499,278.302556435003,2.45317383684961,197.473946287642,0.122058260982499,278.302556435003
0.175027701481667,325.843778227974,0.104791565988307,325.843778227974,2.35713454199049,214.659160202556,0.121852752671259,283.318070370561,2.35713454199049,208.195737390636,0.121852752671259,283.973667096157,2.19402807550068,193.103180479782,0.121852752671259,273.456389882044,2.19402807550068,193.103180479782,0.121852752671259,273.456389882044,2.19402807550068,193.103180479782,0.121852752671259,273.456389882044,2.19402807550068,193.103180479782,0.121852752671259,273.456389882044
0.153578405357621,315.153851153303,0.0899560057441704,315.153851153303,2.08635770780893,209.676696035949,0.121642218267254,280.650426928174,2.08635770780893,205.736792004448,0.121642218267254,279.969981283422,1.96451125506291,188.501515431016,0.121642218267254,268.128311240605,1.96451125506291,188.501515431016,0.121642218267254,268.128311240605,1.96451125506291,188.501515431016,0.121642218267254,268.128311240605,1.96451125506291,188.501515431016,0.121642218267254,268.128311240605
0.134756635960912,303.995018486987,0.0772152255021865,303.995018486987,1.8461989051234,204.418854350778,0.121427097958531,277.334805983892,1.8461989051234,202.982957681594,0.121427097958531,275.400572769124,1.75625834141783,187.741703601535,0.121427097958531,262.277479069955,1.75625834141783,187.741703601535,0.121427097958531,262.277479069955,1.75625834141783,187.741703601535,0.121427097958531,262.277479069955,1.75625834141783,187.741703601535,0.121427097958531,262.277479069955
0.118240743640854,292.465633369852,0.0662746415391666,303.910018820078,1.63327879593862,199.910323788382,0.121207799116007,273.361002282342,1.63327879593862,199.910323788382,0.121207799116007,270.319542581291,1.57064890954371,187.171917477659,0.121207799116007,255.990019816572,1.57064890954371,187.171917477659,0.121207799116007,255.990019816572,1.57064890954371,187.171917477659,0.121207799116007,255.990019816572,1.57064890954371,187.171917477659,0.121207799116007,255.990019816572
0.103748392822126,280.661595585645,0.056880840365011,303.302931779273,1.4445758311831,196.558033950727,0.11657083080172,268.779025688571,1.4445758311831,196.558033950727,0.11657083080172,264.796130667229,1.4029177476923,188.005561497413,0.12098469825645,256.466157255014,1.4029177476923,188.005561497413,0.12098469825645,256.466157255014,1.4029177476923,188.005561497413,0.12098469825645,256.466157255014,1.4029177476923,186.307554733888,0.12098469825645,256.466157255014
0.0910317831239809,271.096911664878,0.0488158740718063,301.856457239812,1.27739117589044,192.959678969856,0.101862354882542,271.096911664878,1.27739117589044,192.959678969856,0.101862354882542,258.793405731466,1.25497268378468,189.164095406978,0.120758142966054,258.136251804287,1.25497268378468,189.164095406978,0.120758142966054,258.136251804287,1.25497268378468,189.164095406978,0.120758142966054,258.136251804287,1.25497268378468,185.153915200297,0.120758142966054,258.136251804287
0.0798734427944509,276.21095474149,0.0418923403058215,299.587555691121,1.1293181754313,193.031625973773,0.0890073459850101,276.21095474149,1.1293181754313,193.031625973773,0.0890073459850101,259.312929727163,1.122440243641,190.037083741846,0.112777013529922,259.312929727163,1.122440243641,190.037083741846,0.112777013529922,259.312929727163,1.122440243641,190.037083741846,0.112777013529922,259.312929727163,1.122440243641,183.717452399266,0.112777013529922,259.312929727163
0.0700825127687495,280.970632985169,0.0359491428389447,296.520977103069,0.998211914593412,193.262426963855,0.0777726742289815,280.970632985169,0.998211914593412,193.262426963855,0.0777726742289815,259.985298305974,0.998211914593412,190.618817877629,0.0990253684822164,259.985298305974,0.998211914593412,190.618817877629,0.0990253684822164,259.985298305974,0.998211914593412,190.618817877629,0.0990253684822164,259.985298305974,0.998211914593412,182.006312765452,0.0990253684822164,259.985298305974
0.0614914892130401,285.346146755278,0.0308478265860686,292.689800343268,0.882160968035351,193.217601370982,0.0679544834010813,285.346146755278,0.882160968035351,193.217601370982,0.0679544834010813,260.147638499159,0.882160968035351,190.903776517327,0.0869500169601451,260.147638499159,0.882160968035351,190.903776517327,0.0869500169601451,260.147638499159,0.882160968035351,190.903776517327,0.0869500169601451,260.147638499159,0.882160968035351,180.029848155621,0.0869500169601451,260.147638499159
0.0539533735027362,289.309336620621,0.0264694121970024,289.309336620621,0.779463510038568,192.8969907792,0.0593744639782017,289.309336620621,0.779463510038568,192.8969907792,0.0593744639782017,259.796822182515,0.779463510038568,190.880115887326,0.0763467505116751,259.796822182515,0.779463510038568,190.880115887326,0.0763467505116751,259.796822182515,0.779463510038568,190.880115887326,0.0763467505116751,259.796822182515,0.779463510038568,177.801207277059,0.0763467505116751,259.796822182515
0.0473391664309019,292.83380356352,0.022711672721016,292.83380356352,0.688605906042995,194.009717199592,0.0518766896266243,292.83380356352,0.688605906042995,194.009717199592,0.0518766896266243,258.934251168148,0.688605906042995,190.565173785126,0.0670361959018919,258.934251168148,0.688605906042995,190.565173785126,0.0670361959018919,258.934251168148,0.688605906042995,190.565173785126,0.0670361959018919,258.934251168148,0.688605906042995,175.330261597882,0.0670361959018919,258.934251168148
0.0415356641678955,295.895676472585,0.0194867911341135,295.895676472585,0.608242374219117,195.305468384416,0.0453248448084196,295.895676472585,0.608242374219117,195.305468384416,0.0453248448084196,257.566024357236,0.608242374219117,189.961474781516,0.0588608253110579,257.566024357236,0.608242374219117,189.961474781516,0.0588608253110579,257.566024357236,0.608242374219117,189.961474781516,0.0588608253110579,257.566024357236,0.608242374219117,172.627706948574,0.0588608253110579,257.566024357236
