"2_b_lwr50","2_b_upr50","2_b_lwr90","2_b_upr90","5_b_lwr50","5_b_upr50","5_b_lwr90","5_b_upr90","10_b_lwr50","10_b_upr50","10_b_lwr90","10_b_upr90","20_b_lwr50","20_b_upr50","20_b_lwr90","20_b_upr90","30_b_lwr50","30_b_upr50","30_b_lwr90","30_b_upr90","40_b_lwr50","40_b_upr50","40_b_lwr90","40_b_upr90","50_b_lwr50","50_b_upr50","50_b_lwr90","50_b_upr90"
4.99545025398103,8.02935358883132,4.99545025398103,8.02935358883132,5.32294779331551,7.4781330070279,5.1930679039046,7.83438934376812,5.4310542934679,7.4781330070279,5.1930679039046,7.93150353228355,5.4310542934679,7.54445889962017,5.12070016297932,7.9221390872616,5.46567140698207,7.46254220024236,5.1930679039046,7.9221390872616,5.4310542934679,7.44622882641756,5.1930679039046,7.9221390872616,5.46567140698207,7.46254220024236,5.18737912606963,7.93150353228355
4.74415457278704,8.04483530743698,4.74415457278704,8.04483530743698,5.17961187703105,7.42146326757267,5.05435816738816,7.89133784425815,5.27428319205029,7.42146326757267,4.9805808121944,7.92941810663978,5.27428319205029,7.42146326757267,4.88253978735574,7.90936474355396,5.35471859988288,7.39983709465815,4.9805808121944,7.90936474355396,5.27756249089072,7.39389574810667,4.9805808121944,7.90936474355396,5.35471859988288,7.39983709465815,4.97499133920693,7.92941810663978
4.5029690417416,8.06283939012389,4.5029690417416,8.06283939012389,5.0474605701402,7.36574885539455,4.83563415160941,7.95267268882157,5.08786019094729,7.36574885539455,4.77161064327364,7.92869962280872,5.08786019094729,7.36574885539455,4.65584229898334,7.898492380449,5.23473929209294,7.34262820402461,4.77161064327364,7.898492380449,5.13731471663144,7.34262820402461,4.77161064327364,7.898492380449,5.2192688346292,7.34262820402461,4.77161064327364,7.92869962280872
4.27435646801445,8.08285781846553,4.27435646801445,8.08285781846553,4.91234744974079,7.33958288492368,4.62198473819845,8.01766307932519,4.91234744974079,7.34613883501435,4.56991952303307,7.92902863811065,4.91234744974079,7.34613883501435,4.44004519520647,7.89414552766096,5.07418761265398,7.29226530583009,4.56991952303307,7.89414552766096,5.00897385886253,7.29226530583009,4.56991952303307,7.89414552766096,5.0187306938256,7.29226530583009,4.56991952303307,7.92902863811065
4.05682357837194,8.10442638463701,4.05682357837194,8.10442638463701,4.74562433692455,7.3257946733092,4.41410949794198,8.08557141241778,4.74562433692455,7.34322833541837,4.37966585540477,7.93013935753271,4.74562433692455,7.34322833541837,4.23452667449155,7.96850754389743,4.88364743923108,7.24264045595998,4.37966585540477,7.89376465178947,4.82815473249127,7.24264045595998,4.37966585540477,7.89376465178947,4.82815473249127,7.24264045595998,4.37966585540477,7.93013935753271
3.84898216368404,8.15578022964467,3.84898216368404,8.15578022964467,4.58930813281825,7.31309406586979,4.20304509390618,8.15578022964467,4.58930813281825,7.34264610742673,4.19829556192434,7.93164984215815,4.58930813281825,7.34264610742673,4.03877562884768,8.04946003254918,4.69425766712041,7.19360592376944,4.19829556192434,7.89590951306701,4.64391937153954,7.19360592376944,4.19829556192434,7.89590951306701,4.64391937153954,7.19360592376944,4.19829556192434,7.93164984215815
3.65266470331392,8.22780073773441,3.65266470331392,8.22780073773441,4.44065158654422,7.30098376571465,4.00133270270672,8.22780073773441,4.44065158654422,7.34481008274565,4.00133270270672,7.93373704830458,4.44065158654422,7.34481008274565,3.85228074151471,8.13461981151118,4.51385456631892,7.14562181177422,4.00133270270672,7.9024175553136,4.46800670854531,7.14562181177422,4.00133270270672,7.9024175553136,4.46800670854531,7.16430704418644,4.00133270270672,7.93373704830458
3.46477790395901,8.30125324861035,3.46477790395901,8.30125324861035,4.29917484169749,7.28921621554639,3.80928938041624,8.30125324861035,4.29917484169749,7.36019686593261,3.80928938041624,7.98300232771373,4.29917484169749,7.34961387160245,3.67449196124596,8.2233748696184,4.34041194618911,7.12372843239206,3.80928938041624,7.98300232771373,4.29752559066753,7.12294117691306,3.80928938041624,7.98300232771373,4.29752559066753,7.19211554522292,3.80928938041624,7.98300232771373
3.28685709435771,8.375843207662,3.28685709435771,8.375843207662,4.13945859946369,7.28997645466495,3.62579459916921,8.375843207662,4.16471774594862,7.39716014860374,3.62579459916921,8.06593107764934,4.16471774594862,7.35613305074258,3.50493300987262,8.31520382468972,4.17393027390719,7.15329968151264,3.62579459916921,8.06593107764934,4.13490915296802,7.15329968151264,3.62579459916921,8.06593107764934,4.13490915296802,7.22177738865343,3.62579459916921,8.06593107764934
3.11667106680526,8.451340418646,3.11667106680526,8.451340418646,3.97221331162774,7.30967242789518,3.45071727193166,8.451340418646,4.01409251961951,7.44374291291007,3.45071727193166,8.15092890716653,4.01409251961951,7.36395278152452,3.34325755475945,8.40966145385641,4.01409251961951,7.18480886277154,3.45071727193166,8.15092890716653,3.97834201682957,7.18480886277154,3.45071727193166,8.15092890716653,3.97834201682957,7.25285329191684,3.45071727193166,8.15092890716653
2.95621916241694,8.52756307306493,2.95621916241694,8.52756307306493,3.81165804707246,7.33014774427437,3.28372074047516,8.52756307306493,3.86058748846933,7.49143929241171,3.28372074047516,8.2377539697103,3.86058748846933,7.37286109116365,3.18912037729555,8.50636389062374,3.86058748846933,7.21719228166955,3.28372074047516,8.2377539697103,3.82779800467364,7.21719228166955,3.28372074047516,8.2377539697103,3.82779800467364,7.28506322750229,3.28372074047516,8.2377539697103
2.80391401079688,8.60446928040176,2.80391401079688,8.60446928040176,3.65753074513225,7.35119405776385,3.12447902484834,8.60436609078158,3.71312858907345,7.54078142563168,3.12447902484834,8.32619245111778,3.71312858907345,7.38269229722653,3.04215637052158,8.60446928040176,3.71312858907345,7.2502653033099,3.12447902484834,8.32619245111778,3.68301952920001,7.2502653033099,3.12447902484834,8.32619245111778,3.68301952920001,7.31799672971954,3.12447902484834,8.32619245111778
2.65852481788648,8.70892711928366,2.65852481788648,8.70892711928366,3.5095894151454,7.37369275857168,2.97269263862958,8.68215947932941,3.57006455026922,7.59366853110077,2.97269263862958,8.41688053680059,3.57006455026922,7.39384653721072,2.90200825723949,8.70892711928366,3.57006455026922,7.28535684997007,2.97269263862958,8.41688053680059,3.54375561640671,7.28535684997007,2.97269263862958,8.41688053680059,3.54375561640671,7.35275043643878,2.97269263862958,8.41688053680059
2.52136741085926,8.8066755663936,2.52136741085926,8.8066755663936,3.3568491174554,7.39522531077683,2.82805250116374,8.80087935282319,3.43094412641059,7.64273618600305,2.82805250116374,8.5068603392067,3.43094412641059,7.40454626088843,2.76835066249993,8.8066755663936,3.43094412641059,7.31782494131068,2.82805250116374,8.5068603392067,3.40977949635862,7.31782494131068,2.82805250116374,8.5068603392067,3.40977949635862,7.38645305727267,2.82805250116374,8.5068603392067
2.39119966558743,8.91073417158782,2.39119966558743,8.97073228630734,3.23209374954461,7.41907483107343,2.6903240157076,8.97073228630734,3.29763199701336,7.69491704003389,2.6903240157076,8.59979617788906,3.29763199701336,7.4168983435249,2.64102131923423,8.91073417158782,3.29763199701336,7.3522732022185,2.6903240157076,8.59979617788906,3.2776561750627,7.3522732022185,2.6903240157076,8.59979617788906,3.2776561750627,7.42156354511946,2.6903240157076,8.59979617788906
2.26892789319814,9.02365032009822,2.26892789319814,9.15409159016531,3.10282090998896,7.46095049695031,2.55991515069786,9.15409159016531,3.17227535203455,7.75067204405706,2.55991515069786,8.69839702712096,3.17227535203455,7.4351923721872,2.52004443038305,9.02365032009822,3.17227535203455,7.38913907983733,2.55991515069786,8.69839702712096,3.1436729856751,7.38913907983733,2.55991515069786,8.69839702712096,3.1436729856751,7.45987259255219,2.55991515069786,8.69839702712096
2.15658294010717,9.1637559110278,2.15658294010717,9.37205875345819,2.98259498576391,7.5457102829788,2.43853650116034,9.37205875345819,3.06027811951441,7.81729732557165,2.43853650116034,8.81132254699066,3.06027811951441,7.4700626344972,2.40557056110612,9.1637559110278,3.06027811951441,7.44143949746013,2.43853650116034,8.81132254699066,3.01875876404796,7.44143949746013,2.43853650116034,8.81132254699066,3.01875876404796,7.50861503801997,2.43853650116034,8.81132254699066
2.05644805604362,9.3516936202335,2.05644805604362,9.65375356857055,2.87417326104964,7.6977603171639,2.32827103803547,9.65375356857055,2.96769030877408,7.9050825486342,2.32827103803547,8.9503218897064,2.96769030877408,7.54221952613711,2.29894362038277,9.3516936202335,2.96769030877408,7.54221952613711,2.32827103803547,8.9503218897064,2.90551175645186,7.54221952613711,2.32827103803547,8.9503218897064,2.90551175645186,7.57685321581476,2.32827103803547,8.9503218897064
1.95861951625327,9.6238121872662,1.95861951625327,10.0184181852658,2.77919900780563,7.9316496807532,2.23097382367845,10.0184181852658,2.88872164714957,8.02339658134724,2.23097382367845,9.1335193697181,2.88872164714957,7.69873829441121,2.20089031788473,9.60275041854681,2.88872164714957,7.69873829441121,2.23097382367845,9.1335193697181,2.80558109626878,7.69873829441121,2.23097382367845,9.1335193697181,2.80558109626878,7.69873829441121,2.23097382367845,9.1335193697181
1.86996659152726,10.0300769225553,1.86996659152726,10.4751508179489,2.69841373245191,8.24372683450798,2.14708408175736,10.4751508179489,2.82623936029733,8.24372683450798,2.14708408175736,9.40183027707963,2.82623936029733,7.90761567024401,2.11246862153053,9.92127601626232,2.82623936029733,7.90761567024401,2.14708408175736,9.40183027707963,2.71950811971658,7.90761567024401,2.14708408175736,9.40183027707963,2.71950811971658,7.90761567024401,2.14708408175736,9.40183027707963
1.78911575014183,10.5117707252052,1.78911575014183,11.0185229569599,2.6305663903073,8.6131684443717,2.07663422617236,11.0185229569599,2.78125728250092,8.6131684443717,2.07663422617236,9.73027279676006,2.78125728250092,8.1649387157932,2.03281437583303,10.3044986124256,2.78125728250092,8.1649387157932,2.06633803279311,9.73027279676006,2.64676217661895,8.1649387157932,2.06633803279311,9.73027279676006,2.64676217661895,8.1649387157932,2.06633803279311,9.73027279676006
1.71602894777902,11.0534342416738,1.71602894777902,11.6353390488524,2.57442368633116,9.01818413563813,2.01813935597682,11.6353390488524,2.75400629401378,9.01818413563813,2.01813935597682,10.1168440279653,2.75400629401378,8.46124830041675,1.95966340316176,10.7447963826375,2.75400629401378,8.46124830041675,1.98694697334457,10.1168440279653,2.58664970148254,8.46124830041675,1.98694697334457,10.1168440279653,2.58664970148254,8.46124830041675,1.98694697334457,10.1168440279653
1.64961025117572,11.6360150522662,1.64961025117572,12.3086341630476,2.52740792487322,9.43494308442018,1.97013767491137,12.3086341630476,2.73334519286731,9.43494308442018,1.97013767491137,10.6683580696136,2.73334519286731,8.78382109089307,1.89243029010641,11.2258731485921,2.73334519286731,8.78382109089307,1.91525254237939,10.6683580696136,2.53773407166705,8.78382109089307,1.91525254237939,10.6683580696136,2.53773407166705,8.78382109089307,1.91525254237939,10.6683580696136
1.58854432815465,12.246854380414,1.58854432815465,13.0213854274221,2.48744166897518,9.84628143998345,1.93125784072837,13.0213854274221,2.67294785136971,9.84628143998345,1.92432588075019,11.2611518485591,2.67294785136971,9.12190354011517,1.83015047456888,11.7359703590634,2.67294785136971,9.12190354011517,1.85031721303022,11.2611518485591,2.4988624997344,9.12190354011517,1.85031721303022,11.2611518485591,2.4988624997344,9.12190354011517,1.85031721303022,11.2611518485591
1.53165588873932,12.8803565961846,1.53165588873932,13.7596113175294,2.45319991953011,10.2423997033809,1.89941028863359,13.7596113175294,2.61563023089826,10.2423997033809,1.86736884089064,11.8861023457699,2.61563023089826,9.46667068524335,1.77185497599317,12.2640907969327,2.61563023089826,9.46667068524335,1.79097636211595,11.9672766595797,2.46958231275403,9.46667068524335,1.79097636211595,11.9672766595797,2.46958231275403,9.46667068524335,1.79097636211595,11.8861023457699
1.47802047201151,13.5335909916329,1.47802047201151,14.5138007174569,2.42357012000662,10.6185870651859,1.87356197646102,14.5138007174569,2.56019090078121,10.6185870651859,1.81374846161126,12.5395719523086,2.56019090078121,9.81170979401997,1.71672045741821,12.8027517402291,2.56019090078121,9.81170979401997,1.73631450896227,12.7379677432965,2.44895214285594,9.81170979401997,1.73631450896227,12.7379677432965,2.44895214285594,9.81170979401997,1.73631450896227,12.5395719523086
1.42686043626451,14.2067385011895,1.42686043626451,15.2796612945263,2.39769850392486,10.9745654327529,1.85258575186069,15.2796612945263,2.50569743031076,10.9745654327529,1.76132858321421,13.2161261453011,2.50569743031076,10.1543725676273,1.66116683791364,13.3486286489003,2.50569743031076,10.1543725676273,1.68544940585576,13.5634699963649,2.43575784965265,10.1543725676273,1.68544940585576,13.5634699963649,2.43575784965265,10.1543725676273,1.68544940585576,13.2161261453011
1.3773500170972,14.9037626251782,1.3773500170972,16.0530046699594,2.37497513790589,11.3095188474244,1.83585876975437,16.0530046699594,2.45194388882829,11.3095188474244,1.70979697322886,13.9176310731059,2.45194388882829,10.5400804455812,1.61308826133223,13.9176310731059,2.45194388882829,10.5400804455812,1.63815553952191,14.4530702990645,2.42940838118347,10.5400804455812,1.63815553952191,14.4530702990645,2.42940838118347,10.5679961898504,1.63815553952191,13.9176310731059
1.33091665549207,15.6372135217181,1.33091665549207,16.8465896702484,2.35594266392405,11.6314924690784,1.82297341263376,16.8465896702484,2.39967582144612,11.6314924690784,1.6657852930488,14.651345944959,2.39967582144612,10.9328498071384,1.56456536868734,14.651345944959,2.39967582144612,10.9328498071384,1.59446133502683,15.4033564013485,2.39967582144612,10.9328498071384,1.59446133502683,15.4033564013485,2.39967582144612,11.0009055690396,1.59446133502683,14.651345944959
1.28916945391873,16.4808127167641,1.28916945391873,17.7408778412612,2.30491763168874,11.9762700632994,1.77107456760178,17.7408778412612,2.35455596263443,12.1876571957897,1.62262450053583,15.4748904254016,2.35455596263443,11.3412444456319,1.51795607172204,15.4748904254016,2.35455596263443,11.3412444456319,1.55589159863422,16.455745788648,2.35455596263443,11.3412444456319,1.55589159863422,16.455745788648,2.35455596263443,11.4822578541008,1.55589159863422,15.4748904254016
1.25815438307773,17.5931640051361,1.25815438307773,18.9358690966851,2.25394372525256,12.4308760694572,1.72374416721246,18.9358690966851,2.3298135232896,12.9257247293662,1.58781873897684,16.5321481125579,2.3298135232896,11.8604337837738,1.47422166778807,16.5321481125579,2.3298135232896,11.8604337837738,1.52709343252576,17.6956484915733,2.3298135232896,11.8083631343307,1.52709343252576,17.6956484915733,2.3298135232896,12.1205831897835,1.52709343252576,16.5321481125579
1.24464271076261,19.1531429508162,1.24464271076261,20.6920286612588,2.22108760966671,13.3765049162756,1.69170640839801,20.6920286612588,2.34169971499102,13.8083745401045,1.56779555476235,18.006652437026,2.34169971499102,12.5873373100059,1.434517276929,18.006652437026,2.34169971499102,12.5873373100059,1.5140937813266,19.2397680252285,2.34169971499102,12.3976213465713,1.5140937813266,19.2397680252285,2.34169971499102,13.0377375632734,1.5140937813266,18.006652437026
1.25349405848058,21.2732586707777,1.25349405848058,23.1973812928511,2.21328067919751,14.7757593647761,1.6832205841676,23.1973812928511,2.4004679360412,14.8646616839675,1.56901515036146,20.0162512778105,2.4004679360412,13.6002592057006,1.39983291377297,20.0162512778105,2.4004679360412,13.6002592057006,1.52250179323744,21.1727757018131,2.4004679360412,13.2617678887381,1.52250179323744,21.1727757018131,2.4004679360412,14.3210557212985,1.52250179323744,20.0162512778105
1.28685939106749,23.9924617063269,1.28685939106749,26.5646059751254,2.23441746190616,16.6487070671489,1.70327322281917,26.5646059751254,2.50798874146307,16.1101024656297,1.5996926930973,22.666032211364,2.50798874146307,14.9469240961611,1.37068800733863,22.666032211364,2.50798874146307,14.9469240961611,1.55307073345398,23.5877613442463,2.47458970517169,14.3138779393892,1.55307073345398,23.5877613442463,2.47458970517169,15.997912457746,1.55307073345398,22.666032211364
1.34331460875069,28.1780455803297,1.34331460875069,30.8018386090295,2.28721762996156,18.9349664046024,1.71603613321593,30.8018386090295,2.65850902646917,18.0500152154172,1.65454604137503,25.8905284236892,2.65850902646917,16.6447804096662,1.34718755941043,25.8905284236892,2.65850902646917,16.6447804096662,1.60606958680274,26.5077695784437,2.53353064025049,15.7033184294107,1.60606958680274,26.5077695784437,2.53353064025049,18.0500152154172,1.60606958680274,25.8905284236892
1.3288727633876,33.3569936160164,1.3288727633876,35.858343219226,2.36991914252746,21.5706437178215,1.69632579637721,35.858343219226,2.84243114909731,20.4303126006115,1.73127319971482,29.7248500634228,2.84243114909731,18.6817685725804,1.3288727633876,29.7248500634228,2.84243114909731,18.6817685725804,1.67984141308011,29.9581330572818,2.61260720992272,17.5636810884089,1.67984141308011,29.9581330572818,2.61260720992272,20.4303126006115,1.67984141308011,29.7248500634228
1.31549678158541,39.5008954438832,1.31549678158541,41.6774388115881,2.47840909271889,24.5063218640263,1.67988495990028,41.6774388115881,3.04760145447557,23.0555998838494,1.82765425015458,34.0870178057664,3.04760145447557,21.0463496532292,1.31549678158541,34.0870178057664,3.04760145447557,21.0463496532292,1.77133529447605,34.0870178057664,2.71182839567314,20.126402824156,1.77133529447605,34.0870178057664,2.71182839567314,23.0555998838494,1.77133529447605,34.0870178057664
1.30611809009042,46.6635810940388,1.30611809009042,48.1459960685671,2.60918951046199,27.6996506866633,1.66550189429228,48.1459960685671,3.26447928469946,25.8710663092447,1.93303294232299,38.9289347715362,3.26447928469946,23.7152953507424,1.30611809009042,38.9289347715362,3.26447928469946,23.7152953507424,1.87726029922328,38.9289347715362,2.83214482414246,23.0721264202259,1.87726029922328,38.9289347715362,2.83214482414246,25.8710663092447,1.87726029922328,38.9289347715362
1.30048380984841,54.9255861538756,1.30048380984841,55.2766718650466,2.75814394299801,31.1429816553422,1.65219228191814,55.2766718650466,3.48546082882263,28.8187881183729,1.95815191561263,45.8599093429615,3.48546082882263,26.662092354545,1.30048380984841,44.2336479135542,3.48546082882263,26.662092354545,1.95815191561263,44.2336479135542,2.97516755337023,26.419897447058,1.95815191561263,44.2336479135542,2.97516755337023,28.8187881183729,1.95815191561263,44.2336479135542
1.29822220684742,64.399646272944,1.29822220684742,64.399646272944,2.9219441481261,34.8547890601497,1.63920296058382,64.066368052366,3.70614933918779,31.8683937095839,1.99048027434014,54.4951240644346,3.70614933918779,30.1158685261986,1.29822220684742,50.0081779565653,3.70614933918779,30.1158685261986,1.99048027434014,50.0081779565653,3.14276279840192,30.1158685261986,1.99048027434014,50.0081779565653,3.14276279840192,31.8683937095839,1.99048027434014,50.0081779565653
1.29921188079976,75.2223183979605,1.29921188079976,75.2223183979605,3.09807116871429,38.8648358981202,1.62601780281529,74.7338957160699,3.91398508242191,34.9898686230951,2.03347166870833,64.479772999728,3.91398508242191,34.1845380141867,1.29921188079976,56.6109043259489,3.91398508242191,34.1845380141867,2.03347166870833,56.6109043259489,3.3367384161927,34.1845380141867,2.03347166870833,56.6109043259489,3.3367384161927,34.9898686230951,2.03347166870833,56.6109043259489
1.30369704498304,87.5512830314081,1.30369704498304,87.5512830314081,3.2845117185392,43.2096001482101,1.61241785565079,86.9165655496875,4.10326264703366,38.1912467744924,2.08260148120263,76.0079583257306,4.10326264703366,38.6484122543448,1.30369704498304,65.5859237694343,4.10326264703366,38.6484122543448,2.08260148120263,65.5859237694343,3.55858872984646,38.6484122543448,2.08260148120263,65.5859237694343,3.55858872984646,38.6484122543448,2.08260148120263,65.5859237694343
1.31072544251219,101.56302526243,1.31072544251219,101.56302526243,3.48056210186143,47.9252443965538,1.59831365058517,100.784735576846,4.3055610047137,42.1367095640227,2.13933155588035,89.294813952393,4.3055610047137,43.613820663485,1.31072544251219,75.7612276016622,4.3055610047137,43.613820663485,2.13933155588035,75.7612276016622,3.80945765790972,43.613820663485,2.13933155588035,75.7612276016622,3.80945765790972,43.613820663485,2.13933155588035,75.7612276016622
1.32032016437455,117.449323722726,1.32032016437455,117.449323722726,3.68581124047608,53.045991794407,1.58371074732167,116.50501898499,4.52113012064922,47.1081239270572,2.20060610765478,104.573919485593,4.52113012064922,48.8227806028654,1.32032016437455,87.2800647263089,4.52113012064922,48.8227806028654,2.20060610765478,87.2800647263089,4.09025351156242,48.8227806028654,2.20060610765478,87.2800647263089,4.09025351156242,48.8227806028654,2.20060610765478,87.2800647263089
1.3324202762771,135.401678594343,1.3324202762771,135.401678594343,3.9001959849657,58.6232730358136,1.56863972777797,134.230293202532,4.75033135036614,52.4014003301721,2.27019947430114,122.09143348913,4.75033135036614,54.7741630980732,1.3324202762771,100.297186666238,4.75033135036614,54.7741630980732,2.27019947430114,100.297186666238,4.40183682806145,54.7741630980732,2.27019947430114,101.724436607732,4.40183682806145,54.7741630980732,2.27019947430114,100.297186666238
1.346883276234,155.621359757299,1.346883276234,155.621359757299,4.12088120820999,64.6520715951311,1.55315199577149,154.098996056572,4.99358448369565,58.0544560371286,2.34634999423412,142.098882903984,4.99358448369565,61.1858155331783,1.346883276234,114.980554228239,4.99358448369565,61.1858155331783,2.34634999423412,114.980554228239,4.71617471025473,61.1858155331783,2.34634999423412,118.844894356357,4.71617471025473,61.1858155331783,2.34634999423412,114.980554228239
1.36353773447713,178.295080913284,1.36353773447713,178.295080913284,4.29034672503576,73.4342171948523,1.53730706892754,176.225488048583,5.21991999352917,64.0687047815843,2.42808878644393,164.835118213699,5.21991999352917,68.2050770106771,1.36353773447713,131.501782499156,5.21991999352917,68.2050770106771,2.42808878644393,131.501782499156,4.97653313571766,68.2050770106771,2.42808878644393,138.461629645801,4.97653313571766,68.2050770106771,2.42808878644393,131.501782499156
1.38220689465357,203.608827093325,1.38220689465357,203.608827093325,4.46219702226966,83.6033986414329,1.52116455923488,200.679943072832,5.44417121363091,71.5326555016427,2.42864625080665,190.550460414448,5.44417121363091,75.898086782547,1.38220689465357,150.031518513823,5.44417121363091,75.898086782547,2.42864625080665,150.031518513823,5.24855295221073,75.898086782547,2.51497078433806,160.828732873968,5.24855295221073,75.898086782547,2.42864625080665,150.031518513823
1.40272150064829,231.697466788882,1.40272150064829,231.697466788882,4.63712577579656,95.0301239273471,1.50478022578409,227.47901397622,5.59324212134232,79.9238227715466,2.4257698935287,219.446517881804,5.67228887564403,84.2961672826153,1.40272150064829,170.744079839806,5.67228887564403,84.2961672826153,2.4257698935287,170.744079839806,5.53322761503364,84.2961672826153,2.60679090584023,186.180381606908,5.53322761503364,84.2961672826153,2.4257698935287,170.744079839806
1.42492588527057,262.654479539237,1.42492588527057,262.654479539237,4.81477460103344,107.824264366387,1.48820470346289,256.567133868721,5.73109086819188,89.2063447896582,2.42276676134708,251.672873357725,5.90799280596485,93.4607930368739,1.42492588527057,193.800928177772,5.90799280596485,93.4607930368739,2.42276676134708,193.800928177772,5.83025469538257,93.4607930368739,2.70344180791006,214.743244120434,5.83025469538257,93.4607930368739,2.42276676134708,193.800928177772
1.44826499862399,296.507485097792,1.44826499862399,296.507485097792,4.99530219199601,122.096604756318,1.47148360795501,287.802047634905,5.87214577144124,99.7116034372015,2.41964201666536,287.305763727601,6.14875530810179,103.445763340273,1.44826499862399,219.337572359778,6.14875530810179,103.445763340273,2.41964201666536,219.337572359778,6.13991117857359,103.445763340273,2.80486545320895,246.673748104346,6.13991117857359,103.445763340273,2.41964201666536,219.337572359778
1.47333551430279,333.204784195941,1.45465825420007,333.204784195941,5.17878239347863,137.945487230921,1.45465825420007,326.321263044864,6.0164551037144,111.209785297091,2.41639908370387,326.321263044864,6.39822752196546,114.303180172174,1.47333551430279,247.466428559877,6.39822752196546,114.303180172174,2.41639908370387,247.466428559877,6.39822752196546,114.303180172174,2.91104062199883,282.061124098733,6.39822752196546,114.303180172174,2.41639908370387,247.466428559877
1.4999534940705,372.59884680991,1.43697427508283,372.59884680991,5.37289939924033,156.298382732363,1.43697427508283,368.564206695863,6.17017136390462,123.753252306337,2.41298230743325,368.564206695863,6.65281777860593,126.080060320252,1.4999534940705,278.260079549315,6.65281777860593,126.080060320252,2.41298230743325,278.260079549315,6.65281777860593,126.080060320252,3.02198762500411,320.905665621705,6.65281777860593,126.080060320252,2.41298230743325,278.260079549315
1.52766622179768,414.341707200012,1.42083131937147,414.341707200012,5.55511156223622,177.059446440652,1.42083131937147,413.716650819998,6.31533206823707,137.373312266601,2.40959401924045,413.716650819998,6.9171774238153,138.836833198372,1.52766622179768,311.703094197454,6.9171774238153,138.836833198372,2.40959401924045,311.703094197454,6.9171774238153,138.836833198372,3.13772272396397,363.045175714572,6.9171774238153,138.836833198372,2.40959401924045,311.703094197454
1.55548916772597,458.024325128211,1.40372898329491,461.233323303776,5.74776229288591,200.027864990557,1.40372898329491,461.233323303776,6.46924127773429,152.082969441242,2.40571478024572,461.233323303776,7.18988986189054,152.550347017494,1.55548916772597,347.682753181809,7.18988986189054,152.550347017494,2.40571478024572,347.682753181809,7.18988986189054,152.550347017494,3.25759665563823,408.153899782953,7.18988986189054,152.550347017494,2.40571478024572,347.682753181809
1.58151837879223,503.656024576321,1.38528594934093,510.028941659109,5.94258523949202,225.020626910658,1.38528594934093,510.028941659109,6.62209883721135,167.800245211106,2.39953058630363,510.028941659109,7.46996492299331,167.800245211106,1.58151837879223,385.568206113342,7.46996492299331,167.800245211106,2.39953058630363,385.568206113342,7.46996492299331,167.800245211106,3.37698843767783,455.330375802864,7.46996492299331,167.800245211106,2.39953058630363,385.568206113342
1.60071592929466,559.133101497045,1.36313268759971,559.133101497045,6.13699910571029,251.420890417084,1.36313268759971,558.256800242261,6.76578785402438,184.290871289295,2.38685349518801,558.256800242261,7.75214069253911,184.290871289295,1.60071592929466,424.097516002836,7.75214069253911,186.216802908271,2.38685349518801,424.097516002836,7.75214069253911,186.216802908271,3.48682279192655,502.877268501245,7.75214069253911,184.290871289295,2.38685349518801,424.097516002836
1.61040301316933,613.588978383801,1.33437697450717,613.588978383801,6.32676167956862,278.349197739983,1.33437697450717,603.717551459936,6.89255877050419,201.228941199246,2.3623313556078,603.717551459936,8.02904156455588,201.228941199246,1.61040301316933,461.891439023531,8.02904156455588,206.606890155809,2.3623313556078,461.891439023531,8.02904156455588,206.606890155809,3.57711666985875,548.721666879198,8.02904156455588,201.228941199246,2.3623313556078,461.891439023531
1.6086431352689,665.057073285822,1.29633535242488,665.057073285822,6.50680143974199,304.981828528262,1.29633535242488,644.492308860222,6.99458116544736,218.605065397913,2.32150681452583,644.492308860222,8.2946231485003,218.605065397913,1.6086431352689,497.965512543038,8.2946231485003,227.757867308012,2.32150681452583,497.965512543038,8.2946231485003,227.757867308012,3.64228008624184,591.017081667024,8.2946231485003,218.605065397913,2.32150681452583,497.965512543038
1.59464234188175,711.869780255162,1.24750362790627,711.869780255162,6.67350138346268,330.734391132431,1.24750362790627,679.255608672238,7.06904329480244,236.843793333477,2.2616406251417,679.255608672238,8.5460714503248,236.843793333477,1.59464234188175,531.781312503339,8.5460714503248,249.430553110571,2.2616406251417,531.781312503339,8.5460714503248,249.430553110571,3.68270373313726,628.473592026092,8.5460714503248,236.843793333477,2.2616406251417,531.781312503339
1.56930106768875,752.770671691773,1.18938644924538,752.770671691773,6.82507613993425,355.272579542694,1.18938644924538,709.274562589546,7.11847142889849,255.175602955866,2.18426974665266,707.295421228082,8.78425430737588,255.175602955866,1.56930106768875,563.058516949481,8.78425430737588,271.469562649617,2.18426974665266,563.058516949481,8.78425430737588,271.469562649617,3.70406504569008,660.370847584422,8.78425430737588,255.175602955866,2.18426974665266,563.058516949481
1.53484052981389,786.88005482839,1.12361703580893,786.88005482839,6.9613704111415,378.421760095911,1.12361703580893,750.39413405839,7.14879513475063,273.611810649147,2.09218301990711,728.362735624261,9.01202836297494,273.611810649147,1.53484052981389,591.543618530009,9.01202836297494,293.773205211158,2.09218301990711,591.543618530009,9.01202836297494,293.773205211158,3.71480964622646,686.388411927984,9.01202836297494,273.611810649147,2.09218301990711,591.543618530009
1.4942479194599,813.565734316782,1.05242845032245,813.565734316782,7.08352261445032,400.070692362804,1.05242845032245,784.935453069061,7.16589269609205,292.13930240689,1.98892368718344,742.46968895061,9.23472933811291,292.13930240689,1.4942479194599,616.906066805909,9.23472933811291,316.258447943348,1.98892368718344,616.906066805909,9.23472933811291,316.258447943348,3.72315147283041,706.424408702522,9.23472933811291,292.13930240689,1.98892368718344,616.906066805909
1.45070216072816,832.402479320076,0.978546475952271,832.402479320076,7.02122695899732,420.10652577849,0.978546475952271,811.910029714315,7.17707451992766,310.683989332071,1.87947689160216,749.761074608496,9.45730794254235,310.683989332071,1.45070216072816,638.706645051734,9.45730794254235,338.817709386267,1.87947689160216,638.706645051734,9.45730794254235,338.817709386267,3.71652912949275,720.459815302832,9.45730794254235,310.683989332071,1.87947689160216,638.706645051734
1.40710937911797,843.142921126607,0.904220358751388,843.142921126607,6.92680784120642,438.388584804642,0.904220358751388,830.566881898414,7.18663889681227,331.704216844863,1.76753852293927,750.451335180655,9.68387728294726,331.704216844863,1.40710937911797,656.469234545155,9.68387728294726,361.299738851203,1.76753852293927,656.469234545155,9.68387728294726,361.299738851203,3.69263658892538,728.527383198212,9.68387728294726,331.704216844863,1.76753852293927,656.469234545155
1.36580975755959,845.732895077306,0.831331544309649,845.732895077306,6.81933450384361,454.757443775168,0.831331544309649,840.446264074136,7.19795677586586,354.572886205063,1.65637749742769,755.189708430674,9.91716558778961,354.572886205063,1.36580975755959,669.794449415101,9.91716558778961,383.492621330645,1.65637749742769,669.794449415101,9.91716558778961,383.492621330645,3.66242473179022,730.699027612026,9.91716558778961,354.572886205063,1.65637749742769,669.794449415101
1.32845708057943,840.337588022528,0.761254572852408,841.411311218952,6.70238298145125,469.043995916485,0.761254572852408,841.411311218952,7.21303511641435,377.504835556483,1.54845186462398,760.502188429958,10.1592926152468,377.504835556483,1.32845708057943,678.363187767902,10.1592926152468,405.145511558312,1.54845186462398,678.363187767902,10.1592926152468,405.145511558312,3.62720933041397,727.109476918872,10.1592926152468,377.504835556483,1.54845186462398,678.363187767902
1.29603470658316,827.318145758466,0.694847989316372,833.666255519646,6.5786833532975,481.091948054799,0.694847989316372,833.666255519646,7.23276257708494,400.101512742614,1.44534768306937,759.612397547121,10.4110589210923,400.101512742614,1.29603470658316,681.998301083787,10.4110589210923,425.962579231905,1.44534768306937,681.998301083787,10.4110589210923,425.962579231905,3.58781683026137,717.984852779348,10.4110589210923,400.101512742614,1.44534768306937,681.998301083787
1.26895755815366,807.250296198599,0.632506731993658,817.718704170643,6.45120541983778,490.765837506179,0.632506731993658,817.718704170643,7.25703953043637,421.922839377207,1.34766110479961,752.54616628078,10.6557241717195,421.922839377207,1.26895755815366,680.65579022148,10.6557241717195,445.635077919499,1.34766110479961,680.65579022148,10.6557241717195,445.635077919499,3.54502617922248,703.655303077188,10.6557241717195,421.922839377207,1.34766110479961,680.65579022148
1.247212500974,780.865531887003,0.574543759046606,794.346822900487,6.32142176372918,497.962183299141,0.574543759046606,794.346822900487,7.28602404924573,442.512646334014,1.25632699734092,739.500340790322,10.6633894757661,442.512646334014,1.247212500974,674.449679091901,10.6633894757661,463.820107210947,1.25632699734092,677.722702315547,10.6633894757661,463.820107210947,3.49979006120156,684.566635318719,10.6633894757661,442.512646334014,1.25632699734092,674.449679091901
1.17112927693284,758.101845832284,0.520865382018826,764.499478653919,6.19066948220995,502.614884616167,0.520865382018826,764.499478653919,7.31906258931929,461.384370316475,1.17112927693284,720.842257449255,10.6660891286426,461.384370316475,1.17112927693284,684.249919418865,10.6660891286426,480.195280740433,1.17112927693284,699.807359904143,10.6660891286426,480.195280740433,3.45243957649763,684.249919418865,10.6660891286426,461.384370316475,1.17112927693284,684.249919418865
1.091513391452,765.438455579078,0.471354020595868,765.438455579078,6.05981756407516,504.690110247129,0.471354020595868,729.296293484671,7.35568165922751,478.096743902704,1.091513391452,716.546281417824,10.6646344400822,478.096743902704,1.091513391452,694.573935273252,10.6646344400822,494.459262146638,1.091513391452,716.546281417824,10.6646344400822,494.459262146638,3.40349342587127,694.573935273252,10.6646344400822,478.096743902704,1.091513391452,694.573935273252
1.01724190850251,766.973801204082,0.425746605421125,766.973801204082,5.92952188367264,504.199811299803,0.425746605421125,730.146909143996,7.39473350727826,492.245611343312,1.01724190850251,727.469120666178,10.6601728525964,492.245611343312,1.01724190850251,700.152630277669,10.6601728525964,506.341174215287,1.01724190850251,727.469120666178,10.6601728525964,506.341174215287,3.35372919160011,700.152630277669,10.6601728525964,492.245611343312,1.01724190850251,700.152630277669
0.948003507321744,762.754793152657,0.383884039449584,762.754793152657,5.80031278078258,501.19399091764,0.383884039449584,737.326318851588,7.43614731859327,503.482720008046,0.948003507321744,732.290530212468,10.6533247809023,503.482720008046,0.948003507321744,700.97623078071,10.6533247809023,515.60677434242,0.948003507321744,732.290530212468,10.6533247809023,515.60677434242,3.30312105734601,700.97623078071,10.6533247809023,503.482720008046,0.948003507321744,700.97623078071
0.883463745586142,752.968203863371,0.345559023062378,752.968203863371,5.67248436683843,495.760281861751,0.345559023062378,739.554873966022,7.47971392502614,512.755516419034,0.883463745586142,730.9265422203,10.6442792262076,511.532447232998,0.883463745586142,697.15093199075,10.6442792262076,522.075754016158,0.883463745586142,730.9265422203,10.6442792262076,522.075754016158,3.25240911946082,697.15093199075,10.6442792262076,511.532447232998,0.883463745586142,697.15093199075
0.823298814429848,742.524274135518,0.310562927518674,742.524274135518,5.54655514836872,498.690895603211,0.310562927518674,736.835591274296,7.52520254597158,523.366888152293,0.823298814429848,723.488055670079,10.6332972327903,516.206690421566,0.823298814429848,698.407920964176,10.6332972327903,525.623116062471,0.823298814429848,723.488055670079,10.6332972327903,525.623116062471,3.20126927854887,698.407920964176,10.6332972327903,516.206690421566,0.823298814429848,688.895302696785
0.767213100293077,754.061932331297,0.278688792552373,754.061932331297,5.42223877126588,506.063933758961,0.278688792552373,729.298308428932,7.57239434351584,530.555602295317,0.767213100293077,710.262857949519,10.620624476191,517.41852291678,0.767213100293077,697.225469056067,10.620624476191,530.555602295317,0.767213100293077,710.262857949519,10.620624476191,530.555602295317,3.15017918987689,697.225469056067,10.620624476191,517.41852291678,0.767213100293077,676.512744129285
0.714935867899101,760.848153092201,0.24973173026433,760.848153092201,5.30029146113338,510.752603804788,0.24973173026433,717.178739376589,7.62108939880352,534.15184940159,0.714935867899101,691.72311506202,10.6064706666984,515.153783042009,0.714935867899101,691.332004355448,10.6064706666984,534.15184940159,0.714935867899101,691.72311506202,10.6064706666984,534.15184940159,3.09941772129338,691.332004355448,10.6064706666984,515.153783042009,0.714935867899101,660.397197596096
0.666207986717325,762.720906992838,0.223489045166332,762.720906992838,5.18052020080802,512.671413300439,0.223489045166332,700.813761071296,7.67110640669978,534.09682679858,0.666207986717325,668.430799370353,10.5910082175026,512.671413300439,0.666207986717325,696.537122540829,10.5910082175026,534.09682679858,0.666207986717325,680.910879681293,10.5910082175026,534.09682679858,3.04912410782697,680.910879681293,10.5910082175026,512.671413300439,0.666207986717325,640.96238360254
0.620500263866063,759.643126194597,0.199761331167678,759.643126194597,5.06301987218074,511.785188365627,0.199761331167678,680.607714607213,7.72228122879602,530.420725345704,0.620500263866063,641.082306441291,10.5744043547368,511.785188365627,0.620500263866063,698.237998780897,10.5744043547368,530.420725345704,0.620500263866063,666.243079261659,10.5744043547368,530.420725345704,2.99937669697573,666.243079261659,10.5744043547368,511.785188365627,0.620500263866063,620.176747315714
0.578300547374397,751.693451842783,0.17835359264194,751.693451842783,4.94782219555515,508.109763599203,0.17835359264194,660.651628260579,7.77446580575912,523.249833602619,0.578300547374397,620.063152321758,10.5568377117432,508.109763599203,0.578300547374397,694.566318700872,10.5568377117432,523.249833602619,0.578300547374397,647.705343248491,10.5568377117432,523.249833602619,2.95023066203044,647.705343248491,10.5568377117432,508.109763599203,0.578300547374397,620.063152321758
0.538970773716585,739.068561570083,0.159076781375746,739.068561570083,4.83495282068919,501.758800791213,0.159076781375746,668.999199793044,7.82752744471157,512.797956014342,0.538970773716585,621.608024328063,10.5383879196626,501.758800791213,0.538970773716585,685.700870043182,10.5383879196626,512.797956014342,0.538970773716585,625.734141858398,10.5383879196626,512.797956014342,2.90172816827993,625.734141858398,10.5383879196626,501.758800791213,0.538970773716585,621.608024328063
0.50232596672106,722.068856503196,0.141749622500925,722.068856503196,4.72441924026145,492.846056523089,0.141749622500925,672.430611244989,7.88134817512992,499.344807673524,0.50232596672106,618.199496646071,10.5188036517744,492.846056523089,0.50232596672106,671.953464522048,10.5188036517744,499.344807673524,0.50232596672106,618.199496646071,10.5188036517744,499.344807673524,2.85389985785577,618.199496646071,10.5188036517744,492.846056523089,0.50232596672106,618.199496646071
0.468344708552252,701.090143233521,0.126200018612906,701.090143233521,4.61621365642162,481.621405293131,0.126200018612906,670.869415939636,7.93582393537258,483.236575340323,0.468344708552252,609.976712295923,10.4983497538065,481.621405293131,0.468344708552252,653.751972985167,10.4983497538065,483.236575340323,0.468344708552252,609.976712295923,10.4983497538065,483.236575340323,2.80676583550462,609.976712295923,10.4983497538065,481.621405293131,0.468344708552252,609.976712295923
0.436574997522541,676.597481940966,0.112265920212224,676.597481940966,4.51031742526562,468.142360522578,0.112265920212224,664.370827361953,7.99086350469775,464.855871864828,0.436574997522541,597.21500635675,10.4771369327298,468.142360522578,0.436574997522541,631.616466077974,10.4771369327298,468.142360522578,0.436574997522541,597.21500635675,10.4771369327298,468.142360522578,2.7603374908175,597.21500635675,10.4771369327298,468.142360522578,0.436574997522541,597.21500635675
0.406945888128689,653.157587752123,0.0997959058203719,653.157587752123,4.40670441528033,452.792047879851,0.0997959058203719,653.157587752123,8.04638721854746,444.610453829568,0.406945888128689,589.914978219213,10.45520524646,452.792047879851,0.406945888128689,606.106668634212,10.45520524646,452.792047879851,0.406945888128689,589.914978219213,10.45520524646,452.792047879851,2.71461955537956,589.914978219213,10.45520524646,452.792047879851,0.406945888128689,589.914978219213
0.379167412526158,637.516457164321,0.0886494979982899,637.516457164321,4.25903054885288,437.600560704275,0.0886494979982899,637.516457164321,8.10232556865509,437.600560704275,0.379167412526158,581.137297434193,10.2674685105596,442.429543578815,0.379167412526158,595.415007644975,10.2674685105596,442.429543578815,0.379167412526158,581.137297434193,10.4325772844513,442.429543578815,2.66961190596953,581.137297434193,10.4325772844513,442.429543578815,0.379167412526158,581.137297434193
0.353530120334142,618.104411919509,0.0786971342104721,618.104411919509,4.11133180967459,429.728246777706,0.0786971342104721,618.104411919509,8.15861780137482,429.728246777706,0.353530120334142,573.496883954365,10.0732420506638,436.870267754838,0.353530120334142,594.333717367921,10.0732420506638,436.870267754838,0.353530120334142,573.496883954365,10.4092757679657,436.870267754838,2.62531099454617,573.496883954365,10.4092757679657,436.870267754838,0.353530120334142,573.496883954365
0.329635627297307,604.442487488758,0.0698198672180866,604.442487488758,3.96802831873964,420.299162108971,0.0698198672180866,604.442487488758,8.21521060658648,420.299162108971,0.329635627297307,564.590306314345,9.88130482634791,429.348372325988,0.329635627297307,589.449804526331,9.88130482634791,429.348372325988,0.329635627297307,564.590306314345,10.3853246146757,429.348372325988,2.58171093999584,564.590306314345,10.3853246146757,429.348372325988,0.329635627297307,564.590306314345
0.307362995998232,588.024816622109,0.0619089310603158,588.024816622109,3.82908329799363,409.461490143407,0.0619089310603158,588.024816622109,8.27205695481626,409.461490143407,0.307362995998232,553.096899786815,9.6917750644701,419.999817454844,0.307362995998232,580.94129708701,9.6917750644701,419.999817454844,0.307362995998232,553.096899786815,10.3607466692458,419.999817454844,2.53880433248378,553.096899786815,10.3607466692458,419.999817454844,0.307362995998232,553.096899786815
0.28661519339488,569.162842688812,0.054865221745672,569.162842688812,3.69445908832,397.373500473806,0.054865221745672,569.162842688812,8.32909057821371,397.373500473806,0.28661519339488,539.217777592281,9.50474971422477,408.987339255885,0.28661519339488,569.01778189499,9.50474971422477,408.987339255885,0.28661519339488,539.217777592281,10.335562463028,408.987339255885,2.49658279958413,539.217777592281,10.335562463028,408.987339255885,0.28661519339488,539.217777592281
0.267285356716798,553.97292293752,0.0485987057722923,553.97292293752,3.56410962355625,384.206457169956,0.0485987057722923,553.547721712392,8.37051970138435,384.206457169956,0.267285356716798,523.190721108688,9.32030722785373,396.484081661627,0.267285356716798,553.97292293752,9.32030722785373,396.484081661627,0.267285356716798,523.190721108688,10.3097902108,396.484081661627,2.45503741753464,523.190721108688,10.3097902108,396.484081661627,0.267285356716798,523.190721108688
0.249274957046851,543.95196289561,0.0430277967399206,543.95196289561,3.43797214958493,371.486670898139,0.0430277967399206,543.95196289561,8.34780639418546,371.486670898139,0.249274957046851,505.279433354667,9.1385002054534,382.699179203938,0.249274957046851,536.152059875256,9.1385002054534,382.699179203938,0.249274957046851,505.279433354667,10.2834462041648,382.699179203938,2.41415855337686,505.279433354667,10.2834462041648,382.699179203938,0.249274957046851,511.257329567147
0.232492428067985,532.010744637171,0.0380787344448663,532.010744637171,3.31596857467991,362.043347396739,0.0380787344448663,532.010744637171,8.32487818611957,362.450640667443,0.232492428067985,485.769722016535,8.95939075252249,367.839586004757,0.232492428067985,515.941062421724,8.95939075252249,367.839586004757,0.232492428067985,485.769722016535,10.2565447319904,367.839586004757,2.37361539028751,485.769722016535,10.2565447319904,367.839586004757,0.232492428067985,498.730974530373
0.216852678537577,517.942342406594,0.0336849735161877,517.942342406594,3.19801131820912,351.782235501449,0.0336849735161877,517.942342406594,8.26372334305586,355.395037255373,0.216852678537577,464.960842164334,8.78302498669484,357.096337669794,0.216852678537577,493.752193645323,8.78302498669484,357.096337669794,0.216852678537577,464.960842164334,10.2290994052803,357.096337669794,2.29241290247108,464.960842164334,10.2290994052803,357.096337669794,0.216852678537577,483.995049205777
0.202276612959849,501.971391706896,0.0297865869624729,501.971391706896,3.08401352847397,343.460731686156,0.0297865869624729,501.971391706896,8.08938836234757,347.418101050999,0.202276612959849,443.14303898647,8.60855682594752,350.142245025599,0.202276612959849,469.996928538454,8.60855682594752,350.142245025599,0.202276612959849,443.14303898647,10.1999198990998,350.142245025599,2.21393621765236,443.14303898647,10.1999198990998,350.142245025599,0.202276612959849,467.355264227407
0.188690725763081,484.385916573749,0.0263296976984293,484.385916573749,2.97390883872128,334.147371636803,0.0263296976984293,484.385916573749,7.92061639330382,338.620466917279,0.188690725763081,439.684486006342,8.43857454675117,342.454960552827,0.188690725763081,449.128231839249,8.43857454675117,342.454960552827,0.188690725763081,439.684486006342,10.1726117337382,342.454960552827,2.13792208332388,439.684486006342,10.1726117337382,342.454960552827,0.188690725763081,449.128231839249
0.176029067767843,465.435091654322,0.0232659443981334,465.435091654322,2.86785993445057,323.980136949532,0.0232659443981334,465.435091654322,7.75435971602934,329.114821322611,0.176029067767843,435.601381466344,8.27087102733287,334.123041781085,0.176029067767843,435.601381466344,8.27087102733287,334.123041781085,0.176029067767843,435.601381466344,10.1443723400647,334.123041781085,2.06435404624096,435.601381466344,10.1443723400647,334.123041781085,0.176029067767843,435.601381466344
0.164570020288295,445.443169526119,0.0205722133859467,445.443169526119,2.76731281663422,313.137499751213,0.0205722133859467,445.443169526119,7.5943828082145,319.041520666359,0.164570020288295,429.88566264791,8.10889987040741,325.207413765079,0.164570020288295,429.88566264791,8.10889987040741,325.207413765079,0.164570020288295,429.88566264791,10.1225358271394,325.207413765079,1.93207656227776,429.88566264791,10.1225358271394,325.207413765079,0.164570020288295,429.88566264791
0.154410145240831,438.387939744876,0.0182342663318309,438.387939744876,2.67554345820793,301.886946932584,0.0182342663318309,424.684210216746,7.44732071564499,308.617555436997,0.154410145240831,422.836670239504,7.9595378001801,315.806823559136,0.154410145240831,422.836670239504,7.9595378001801,315.806823559136,0.154410145240831,422.836670239504,10.0494787836639,315.806823559136,1.80827267424519,422.836670239504,9.93672338105795,315.806823559136,0.154410145240831,422.836670239504
0.145229993682278,430.643346314599,0.0167656196865096,430.643346314599,2.59629977340097,293.851528848245,0.0167656196865096,414.803008421205,7.31621446344235,298.081655458527,0.145229993682278,414.803008421205,7.83346911684374,306.022002408236,0.145229993682278,414.803008421205,7.83346911684374,306.022002408236,0.145229993682278,414.803008421205,9.95001115438112,306.022002408236,1.69645157720715,414.803008421205,9.74205223890203,306.022002408236,0.145229993682278,414.803008421205
0.138492106270292,421.621858053528,0.0134931282650541,421.621858053528,2.53286708934917,292.765667083647,0.0134931282650541,405.999702044524,7.21133196278504,287.652997597601,0.138492106270292,405.999702044524,7.73903922035914,300.559714506187,0.138492106270292,405.999702044524,7.73903922035914,300.559714506187,0.138492106270292,405.999702044524,9.87652155362195,300.559714506187,1.59840701332621,405.999702044524,9.57306511729735,300.559714506187,0.138492106270292,405.999702044524
0.133077242670595,411.420235950034,0.0121659162941228,411.420235950034,2.48491559786686,291.435633597182,0.0121659162941228,396.511549937418,7.13906944490674,285.07965309755,0.133077242670595,396.511549937418,7.68383138721378,294.713930626244,0.133077242670595,396.511549937418,7.68383138721378,294.713930626244,0.133077242670595,396.511549937418,9.83334296972697,294.713930626244,1.51440444708032,396.511549937418,9.43312187664276,294.713930626244,0.133077242670595,396.511549937418
0.129265682960124,400.270791337922,0.011024563719161,400.270791337922,2.45167783054069,289.897904235165,0.011024563719161,386.26977702325,7.0614067469192,282.491476215459,0.129265682960124,386.26977702325,7.67025297611826,288.369576191829,0.129265682960124,386.26977702325,7.67025297611826,288.369576191829,0.129265682960124,386.26977702325,9.82204535038136,289.897904235165,1.44476696250933,386.26977702325,9.32014108353804,288.369576191829,0.129265682960124,386.26977702325
0.12694340326027,388.149297328508,0.0100415329141583,388.149297328508,2.43082841239647,288.156384299787,0.0100415329141583,375.259933933078,7.00884573696664,279.704564971941,0.12694340326027,375.259933933078,7.69875433314598,281.585852534176,0.12694340326027,375.259933933078,7.69875433314598,281.585852534176,0.12694340326027,375.259933933078,9.84160043608955,288.156384299787,1.38800796541153,375.259933933078,9.23301520706309,281.585852534176,0.12694340326027,375.259933933078
0.125441698078873,386.023754277644,0.00919228242219106,389.767854788539,2.42046074285173,286.130278167598,0.00919228242219106,363.442021995809,6.98124110059171,276.642044256742,0.125441698078873,363.442021995809,7.76757209157472,277.675895824905,0.125441698078873,363.442021995809,7.76757209157472,280.608278710636,0.125441698078873,363.442021995809,9.88897745084796,286.130278167598,1.342897943183,363.442021995809,9.16945289907414,280.608278710636,0.125441698078873,363.442021995809
0.124564504209047,389.802612499396,0.00845572916597348,391.440860540966,2.41819876412381,283.736674994574,0.00845572916597348,358.787528642906,6.97735421366099,273.25456047961,0.124564504209047,350.808821250995,7.87031852756514,274.246456288279,0.124564504209047,358.787528642906,7.87031852756514,279.381731169575,0.124564504209047,358.787528642906,9.96072237197149,283.736674994574,1.30703974878406,358.787528642906,9.12713203681312,279.381731169575,0.124564504209047,358.787528642906
0.124018842302235,392.718785695314,0.00781421986073383,392.718785695314,2.42196937001063,280.892907023284,0.00781421986073383,357.836753307982,6.99346761272812,272.972755822879,0.124018842302235,338.283184337422,8.00333290349397,272.972755822879,0.124018842302235,357.836753307982,8.00333290349397,277.728084720606,0.124018842302235,357.836753307982,10.0536460431992,280.892907023284,1.2791341402725,357.836753307982,9.10411593614083,277.728084720606,0.124018842302235,357.836753307982
0.124005846528235,395.127868378699,0.00725320274176511,395.127868378699,2.43105449381908,277.500509231539,0.00725320274176511,355.93663058805,7.02819234080545,272.154942255589,0.124005846528235,352.855683622197,8.16174931606758,272.154942255589,0.124005846528235,355.93663058805,8.16174931606758,275.536623798188,0.124005846528235,355.93663058805,10.1654192983756,277.500509231539,1.25717265351829,355.93663058805,9.09903910287494,275.536623798188,0.124005846528235,355.93663058805
0.124036163704943,400.741898355706,0.00676076155264127,400.741898355706,2.44493347639195,273.506173144537,0.00676076155264127,367.338820817963,7.08005121266649,270.601534569917,0.124036163704943,367.338820817963,8.34248997848534,270.601534569917,0.124036163704943,352.996337655982,8.34248997848534,272.735400799069,0.124036163704943,352.996337655982,10.2971930861344,273.506173144537,1.24033930337697,352.996337655982,9.11135595805456,272.735400799069,0.124036163704943,352.996337655982
0.124082516503677,405.266569885525,0.00632712604038943,405.266569885525,2.46340647742306,269.248647083903,0.00632712604038943,381.560978295996,7.14898856985479,268.265913638728,0.124082516503677,381.560978295996,8.54248764104455,268.265913638728,0.124082516503677,348.967303277602,8.54248764104455,269.248647083903,0.124082516503677,348.967303277602,10.444546234418,269.248647083903,1.22764117034422,348.967303277602,9.14045574357908,269.248647083903,0.124082516503677,348.967303277602
0.124130700194996,408.480781622644,0.00594422642029713,408.480781622644,2.48632351504381,265.200797752439,0.00594422642029713,395.34295977579,7.23328845754025,265.168197350554,0.124130700194996,395.34295977579,8.76100266507013,265.168197350554,0.124130700194996,343.842583745749,8.76100266507013,265.200797752439,0.124130700194996,343.842583745749,10.6064379213324,265.200797752439,1.21875691300591,352.638851578413,9.18605119606617,265.200797752439,0.124130700194996,352.638851578413
0.124173813590687,410.439175583982,0.00560532244355727,410.439175583982,2.51373157881551,261.251742187938,0.00560532244355727,408.507768336236,7.33183588733437,261.251742187938,0.124173813590687,408.507768336236,8.99614398812332,261.251742187938,0.124173813590687,354.106487937737,8.99614398812332,261.251742187938,0.124173813590687,354.106487937737,10.7791305984942,261.251742187938,1.21345340824013,359.205271590369,9.24725761225614,261.251742187938,0.124173813590687,359.205271590369
0.124208689225782,420.868672043581,0.00530471305881975,420.868672043581,2.54559264125294,256.710427318485,0.00530471305881975,420.868672043581,7.44417505136812,256.710427318485,0.124208689225782,420.868672043581,9.24665192879104,256.710427318485,0.124208689225782,364.102673979436,9.24665192879104,256.710427318485,0.124208689225782,364.102673979436,10.9691433226093,256.710427318485,1.21069382496074,364.848674155849,9.32317155049725,256.710427318485,0.124208689225782,364.848674155849
0.124233857897366,432.235558951679,0.00503751872201974,432.235558951679,2.58170197022434,256.303788308537,0.00503751872201974,432.235558951679,7.56915444227832,256.303788308537,0.124233857897366,432.235558951679,9.41263502507547,256.303788308537,0.124233857897366,373.324156062769,9.41263502507547,256.303788308537,0.124233857897366,373.324156062769,11.1753310642965,256.303788308537,1.21038053052132,373.324156062769,9.41263502507547,256.303788308537,0.124233857897366,369.496366262247
0.124248503165802,442.440761363946,0.00479952244523929,442.440761363946,2.62169103554731,256.067107198527,0.00479952244523929,442.440761363946,7.7059219379521,256.067107198527,0.124248503165802,442.440761363946,9.51439488084873,256.067107198527,0.124248503165802,381.619887418084,9.51439488084873,256.067107198527,0.124248503165802,381.619887418084,11.3953862896432,256.067107198527,1.21242290578954,381.619887418084,9.51439488084873,256.067107198527,0.124248503165802,373.078801900748
0.124252006140353,451.309286126192,0.00458705474039789,451.309286126192,2.66544554419102,255.138837408996,0.00458705474039789,451.309286126192,7.85360952897861,255.138837408996,0.124252006140353,451.309286126192,9.62687309234309,255.138837408996,0.124252006140353,388.852877163365,9.62687309234309,255.138837408996,0.124252006140353,388.852877163365,11.6281515760249,255.138837408996,1.21666839654649,388.852877163365,9.62687309234309,255.138837408996,0.124252006140353,375.546529300519
0.124249905141539,458.709052976147,0.00439690940436321,458.709052976147,2.71275048241057,253.536993027351,0.00439690940436321,458.709052976147,8.01138502090908,253.536993027351,0.124249905141539,458.709052976147,9.74907323705509,253.536993027351,0.124249905141539,394.907528331024,9.74907323705509,253.536993027351,0.124249905141539,394.907528331024,11.8729498441505,253.536993027351,1.2229556001871,394.907528331024,9.74907323705509,253.536993027351,0.124249905141539,376.862779801033
0.124240416866826,464.49429506421,0.00422627994259983,464.49429506421,2.76322093509913,251.283958707571,0.00422627994259983,464.49429506421,8.17846780125263,251.283958707571,0.124240416866826,464.49429506421,9.87986785480996,251.283958707571,0.124240416866826,399.661300620603,9.87986785480996,251.283958707571,0.124240416866826,399.661300620603,12.1292360438666,251.283958707571,1.23113091511027,399.661300620603,9.87986785480996,251.283958707571,0.124240416866826,377.004777470139
0.124219688632081,468.560202902607,0.0040727093564783,468.560202902607,2.8173632513043,248.40744776077,0.0040727093564783,468.560202902607,8.3535606332623,248.40744776077,0.124219688632081,468.560202902607,10.0182482697611,248.40744776077,0.124219688632081,403.040865661816,10.0182482697611,248.40744776077,0.124219688632081,403.040865661816,12.3965035779648,248.40744776077,1.2410536879766,403.040865661816,10.0182482697611,248.40744776077,0.124219688632081,375.963939022689
0.124186696694949,470.839668888924,0.00389238589156093,470.839668888924,2.87380153606711,247.123298309392,0.00389238589156093,470.839668888924,8.53767921044039,244.938618233907,0.124186696694949,470.839668888924,10.163340439021,244.938618233907,0.124186696694949,404.982593454726,10.163340439021,244.938618233907,0.124186696694949,404.982593454726,12.6742886341942,244.938618233907,1.25259416262049,404.982593454726,10.163340439021,244.938618233907,0.124186696694949,373.748393258885
0.124140846659543,471.285720644366,0.00387057576404005,471.285720644366,2.93374909080881,248.976057731668,0.00387057576404005,471.285720644366,8.72953834111172,240.91963405053,0.124140846659543,471.285720644366,10.3144012806373,240.91963405053,0.124140846659543,405.446939898173,10.3144012806373,243.747261122717,0.124140846659543,405.446939898173,12.5980423471793,240.91963405053,1.26526028195406,405.446939898173,10.3144012806373,240.91963405053,0.124140846659543,370.327266773734
0.124081794089193,469.880983410823,0.0037481098746639,469.880983410823,2.99658530546856,250.238893349406,0.0037481098746639,469.880983410823,8.92867435458902,237.917256239156,0.124081794089193,469.880983410823,10.4705393071898,237.917256239156,0.124081794089193,404.416352709222,10.4705393071898,242.989834442165,0.124081794089193,404.416352709222,11.3353393497978,237.917256239156,1.27956991926589,404.416352709222,10.4705393071898,237.917256239156,0.124081794089193,365.846526180702
0.124009409262271,466.638623891127,0.00363511635418945,466.638623891127,3.06174149962913,250.896980415152,0.00363511635418945,466.638623891127,9.13523353188748,237.964262367083,0.124009409262271,466.638623891127,10.1923156915427,237.964262367083,0.124009409262271,401.884996112768,10.1923156915427,241.835477281581,0.124009409262271,401.884996112768,10.1923156915427,237.964262367083,1.29543582009608,401.884996112768,10.1923156915427,237.964262367083,0.124009409262271,360.366915839141
0.123923771077614,461.600928321077,0.00353183008121505,461.600928321077,3.13023410199458,250.943893654444,0.00353183008121505,461.600928321077,9.15859080679274,237.361495586705,0.123923771077614,461.600928321077,9.15859080679274,237.361495586705,0.123923771077614,397.921058692362,9.15859080679274,240.284557964398,0.123923771077614,397.921058692362,9.15859080679274,237.361495586705,1.14761091358014,397.921058692362,9.15859080679274,237.361495586705,0.123923771077614,353.812500512189
0.1238251535367,454.809497252298,0.00343748005053613,454.809497252298,3.20088971280109,250.377005763763,0.00343748005053613,454.809497252298,8.22091857931264,236.380016262105,0.1238251535367,454.809497252298,8.22091857931264,236.380016262105,0.1238251535367,392.511397967084,8.22091857931264,238.34159573019,0.1238251535367,392.511397967084,8.22091857931264,236.380016262105,1.003582066528,392.511397967084,8.22091857931264,236.380016262105,0.1238251535367,346.321862873713
0.123713997999573,446.438835031052,0.00335106099828408,446.438835031052,3.27458079754729,249.200417904532,0.00335106099828408,446.438835031052,7.37834779403557,234.767475064643,0.123713997999573,446.438835031052,7.37834779403557,234.767475064643,0.123713997999573,385.86470715951,7.37834779403557,236.013368611367,0.123713997999573,385.86470715951,7.37834779403557,234.767475064643,0.877573502436462,385.86470715951,7.37834779403557,234.767475064643,0.123713997999573,337.984396541851
0.123590875361515,436.560201225748,0.00327158866548416,436.560201225748,3.0291333280752,247.423256194193,0.00327158866548416,436.560201225748,6.61205626119272,232.617524566674,0.123590875361515,436.560201225748,6.61205626119272,232.617524566674,0.123590875361515,377.870792735604,6.61205626119272,233.310891591407,0.123590875361515,377.870792735604,6.61205626119272,232.617524566674,0.767337360643069,377.870792735604,6.61205626119272,232.617524566674,0.123590875361515,328.883013945318
0.123456445007832,425.247396463509,0.00319817529168632,425.247396463509,2.68345941360395,245.036513480774,0.00319817529168632,425.247396463509,5.93128233210018,230.071563901033,0.123456445007832,425.247396463509,5.93128233210018,230.071563901033,0.123456445007832,368.762646283863,5.93128233210018,230.247385223099,0.123456445007832,368.762646283863,5.93128233210018,230.071563901033,0.670906785203442,368.762646283863,5.93128233210018,230.071563901033,0.123456445007832,319.109558126433
0.123311416463764,412.722764211974,0.00313004358076796,412.722764211974,2.37612185916532,242.154286753078,0.00313004358076796,412.722764211974,5.31838520694464,226.91141177833,0.123311416463764,412.722764211974,5.31838520694464,226.91141177833,0.123311416463764,358.620934444227,5.31838520694464,226.91141177833,0.123311416463764,358.620934444227,5.31838520694464,226.91141177833,0.586561171326139,358.620934444227,5.31838520694464,226.91141177833,0.123311416463764,308.759546847063
0.12315651745422,399.124957101933,0.00306652062482727,399.124957101933,2.10305272607775,239.196466828096,0.00306652062482727,399.124957101933,4.76411985315417,223.391740180255,0.12315651745422,399.124957101933,4.76411985315417,223.391740180255,0.12315651745422,347.571566077601,4.76411985315417,223.391740180255,0.12315651745422,347.571566077601,4.76411985315417,223.391740180255,0.512792290022844,347.571566077601,4.76411985315417,223.391740180255,0.12315651745422,299.224201666938
0.122992469817064,384.621276473497,0.00300702626640259,384.621276473497,1.86058711582973,236.98411277785,0.00300702626640259,384.621276473497,4.27159591401233,219.390582979934,0.122992469817064,384.621276473497,4.27159591401233,219.390582979934,0.122992469817064,335.742470328609,4.27159591401233,219.390582979934,0.122992469817064,335.742470328609,4.27159591401233,219.390582979934,0.448277729408801,335.742470328609,4.27159591401233,219.390582979934,0.122992469817064,295.37809882616
0.122819973038986,369.380478165059,0.00295106086497299,369.380478165059,1.64542686624236,234.327113807827,0.00295106086497299,369.380478165059,3.82368451160391,215.303415496572,0.122819973038986,369.380478165059,3.82368451160391,215.082864125311,0.122819973038986,323.265712367756,3.82368451160391,215.082864125311,0.122819973038986,323.265712367756,3.82368451160391,215.082864125311,0.391860029077179,323.265712367756,3.82368451160391,215.082864125311,0.122819973038986,291.917065887038
0.122639694189616,353.571070434546,0.00289819406174274,353.571070434546,1.45460762926632,231.1834377276,0.00289819406174274,353.571070434546,3.42344339178408,214.599550266541,0.122639694189616,353.571070434546,3.42344339178408,210.343447637794,0.122639694189616,310.273243360078,3.42344339178408,210.343447637794,0.122639694189616,310.273243360078,3.42344339178408,210.343447637794,0.342526627622647,310.273243360078,3.42344339178408,210.343447637794,0.122639694189616,289.373673426254
0.122452262666229,337.356699744765,0.00284805494533202,337.356699744765,1.28546863757356,227.624655107793,0.00284805494533202,337.356699744765,3.06102345205909,213.52986665624,0.122452262666229,337.356699744765,3.06102345205909,205.492181744892,0.122452262666229,296.894619290201,3.06102345205909,205.492181744892,0.122452262666229,296.894619290201,3.06102345205909,205.492181744892,0.299390894136195,296.894619290201,3.06102345205909,205.492181744892,0.122452262666229,286.303037938147
0.122258268216228,320.894145457342,0.00280032360882387,320.894145457342,1.13562439651651,223.664669931283,0.00280032360882387,320.894145457342,2.74063250895506,212.100184376047,0.122258268216228,320.894145457342,2.74063250895506,201.620676252722,0.122258268216228,283.25508379514,2.74063250895506,201.620676252722,0.122258268216228,290.186240386895,2.74063250895506,201.620676252722,0.261676411188092,283.25508379514,2.74063250895506,201.620676252722,0.122258268216228,282.595984594279
0.122058260982499,304.331241669724,0.00275472394480402,304.691234429641,1.00293854594247,219.332651663625,0.00275472394480402,304.331241669724,2.45317383684961,210.318651152138,0.122058260982499,304.331241669724,2.45317383684961,197.473946287642,0.122058260982499,278.302556435003,2.45317383684961,197.473946287642,0.122058260982499,287.388654796742,2.45317383684961,197.473946287642,0.228703770383618,278.302556435003,2.45317383684961,197.473946287642,0.122058260982499,278.302556435003
0.104791565988307,300.655607566683,0.00271101750479375,300.655607566683,0.885500100259833,214.659160202556,0.00271101750479375,287.802939717946,2.19402807550068,208.195737390636,0.104791565988307,287.802939717946,2.19402807550068,193.103180479782,0.121852752671259,273.456389882044,2.19402807550068,193.103180479782,0.121852752671259,283.973667096157,2.19402807550068,193.103180479782,0.199878435286337,273.456389882044,2.19402807550068,193.103180479782,0.121852752671259,273.456389882044
0.0899560057441704,302.576221828309,0.00266899825538758,302.576221828309,0.781601655538452,209.676696035949,0.00266899825538758,280.650426928174,1.96451125506291,205.736792004448,0.0899560057441704,280.650426928174,1.96451125506291,188.501515431016,0.121642218267254,268.128311240605,1.96451125506291,188.501515431016,0.121642218267254,279.969981283422,1.96451125506291,188.501515431016,0.174679971592923,268.128311240605,1.96451125506291,188.501515431016,0.121642218267254,268.128311240605
0.0772152255021865,303.683407076631,0.0026284880835874,303.683407076631,0.689719250764938,204.418854350778,0.0026284880835874,277.334805983892,1.75625834141783,202.982957681594,0.0772152255021865,277.334805983892,1.75625834141783,187.741703601535,0.121427097958531,262.277479069955,1.75625834141783,187.741703601535,0.121427097958531,275.400572769124,1.75625834141783,187.741703601535,0.152653035706862,262.277479069955,1.75625834141783,187.741703601535,0.121427097958531,262.277479069955
0.0662746415391666,303.910018820078,0.00258933293650898,303.910018820078,0.608493936856575,199.910323788382,0.00258933293650898,273.361002282342,1.57064890954371,199.910323788382,0.0662746415391666,273.361002282342,1.57064890954371,187.171917477659,0.121207799116007,255.990019816572,1.57064890954371,187.171917477659,0.121207799116007,270.319542581291,1.57064890954371,187.171917477659,0.133399437997468,255.990019816572,1.57064890954371,187.171917477659,0.121207799116007,255.990019816572
0.056880840365011,303.302931779273,0.00255139949598516,303.302931779273,0.536715047522648,196.558033950727,0.00255139949598516,268.779025688571,1.4029177476923,196.558033950727,0.056880840365011,268.779025688571,1.4029177476923,188.005561497413,0.12098469825645,256.466157255014,1.4029177476923,188.005561497413,0.12098469825645,264.796130667229,1.4029177476923,186.307554733888,0.11657083080172,256.466157255014,1.4029177476923,186.307554733888,0.12098469825645,256.466157255014
0.0488158740718063,301.856457239812,0.00251457231007635,301.856457239812,0.473304984489914,195.849755402953,0.00251457231007635,263.637492224776,1.25497268378468,192.959678969856,0.0488158740718063,263.637492224776,1.25497268378468,189.164095406978,0.120758142966054,258.136251804287,1.25497268378468,189.164095406978,0.120758142966054,258.793405731466,1.25497268378468,185.153915200297,0.101862354882542,258.136251804287,1.25497268378468,185.153915200297,0.120758142966054,258.136251804287
0.0418923403058215,299.587555691121,0.00247875131850606,299.587555691121,0.417305370081522,197.28408777831,0.00247875131850606,257.978425676764,1.122440243641,193.031625973773,0.0418923403058215,259.312929727163,1.122440243641,190.037083741846,0.112777013529922,259.312929727163,1.122440243641,190.037083741846,0.112777013529922,259.312929727163,1.122440243641,183.717452399266,0.0890073459850101,259.312929727163,1.122440243641,183.717452399266,0.112777013529922,259.312929727163
0.0359491428389447,296.520977103069,0.00244384971625778,296.520977103069,0.367864504505633,198.481452306878,0.00244384971625778,255.692585506401,0.998211914593412,193.262426963855,0.0359491428389447,259.985298305974,0.998211914593412,190.618817877629,0.0990253684822164,259.985298305974,0.998211914593412,190.618817877629,0.0990253684822164,259.985298305974,0.998211914593412,182.006312765452,0.0777726742289815,259.985298305974,0.998211914593412,182.006312765452,0.0990253684822164,259.985298305974
0.0308478265860686,292.689800343268,0.00240979211429248,292.689800343268,0.32422604034673,199.435933795411,0.00240979211429248,256.600565494041,0.882160968035351,193.217601370982,0.0308478265860686,260.147638499159,0.882160968035351,190.903776517327,0.0869500169601451,260.147638499159,0.882160968035351,190.903776517327,0.0869500169601451,260.147638499159,0.882160968035351,180.029848155621,0.0679544834010813,260.147638499159,0.882160968035351,180.029848155621,0.0869500169601451,260.147638499159
0.0264694121970024,289.309336620621,0.00237651295265095,289.309336620621,0.285718758049371,200.14263084568,0.00237651295265095,257.04012199965,0.779463510038568,192.8969907792,0.0264694121970024,259.796822182515,0.779463510038568,192.403002812914,0.0763467505116751,259.796822182515,0.779463510038568,190.880115887326,0.0763467505116751,259.796822182515,0.779463510038568,177.801207277059,0.0593744639782017,259.796822182515,0.779463510038568,177.801207277059,0.0763467505116751,259.796822182515
0.022711672721016,292.83380356352,0.00234395513541585,292.83380356352,0.251747352194343,200.597856669176,0.00234395513541585,257.007002038654,0.688605906042995,194.009717199592,0.022711672721016,258.934251168148,0.688605906042995,194.009717199592,0.0670361959018919,258.934251168148,0.688605906042995,190.565173785126,0.0670361959018919,258.934251168148,0.688605906042995,175.330261597882,0.0518766896266243,258.934251168148,0.688605906042995,175.330261597882,0.0670361959018919,258.934251168148
0.0194867911341135,295.895676472585,0.00231206885865731,295.895676472585,0.221784154414764,200.799232276568,0.00231206885865731,256.500021035269,0.608242374219117,195.305468384416,0.0194867911341135,257.566024357236,0.608242374219117,195.305468384416,0.0588608253110579,257.566024357236,0.608242374219117,189.961474781516,0.0588608253110579,257.566024357236,0.608242374219117,172.627706948574,0.0453248448084196,257.566024357236,0.608242374219117,172.627706948574,0.0588608253110579,257.566024357236
